Asteroid_Name,Status,Exclusion_Reason,Taxonomic_Type,Density_Source,Library_Used,RMSE_Fit,Chi2_Reduced,Band_I_Depth,Band_II_Depth,BAR_Approx,Space_Weathering_Slope_S,Space_Weathering_Slope_Err,Grain_Density_gcm3,Grain_Density_Uncertainty,Bulk_Density_gcm3,Bulk_Density_Uncertainty,Macroporosity,Macroporosity_Uncertainty,Macroporosity_Status,Abund_Diopside_HighCa,Err_Diopside_HighCa,P16_Diopside_HighCa,P84_Diopside_HighCa,Abund_Dolomite_Carbonate,Err_Dolomite_Carbonate,P16_Dolomite_Carbonate,P84_Dolomite_Carbonate,Abund_Magnetite_Fe3O4,Err_Magnetite_Fe3O4,P16_Magnetite_Fe3O4,P84_Magnetite_Fe3O4,Abund_Plagioclase_Anorthite,Err_Plagioclase_Anorthite,P16_Plagioclase_Anorthite,P84_Plagioclase_Anorthite,Abund_Clinopyroxene_Augite,Err_Clinopyroxene_Augite,P16_Clinopyroxene_Augite,P84_Clinopyroxene_Augite,Abund_Olivine_Fo90_Mg,Err_Olivine_Fo90_Mg,P16_Olivine_Fo90_Mg,P84_Olivine_Fo90_Mg,Abund_Pigeonite_LowCa,Err_Pigeonite_LowCa,P16_Pigeonite_LowCa,P84_Pigeonite_LowCa,Abund_Orthopyroxene_En86,Err_Orthopyroxene_En86,P16_Orthopyroxene_En86,P84_Orthopyroxene_En86,Abund_Mg_Al_Spinel,Err_Mg_Al_Spinel,P16_Mg_Al_Spinel,P84_Mg_Al_Spinel,Abund_Troilite_FeS,Err_Troilite_FeS,P16_Troilite_FeS,P84_Troilite_FeS,Abund_Olivine_Fa50_Fe,Err_Olivine_Fa50_Fe,P16_Olivine_Fa50_Fe,P84_Olivine_Fa50_Fe,Abund_Iron Powder,Err_Iron Powder,P16_Iron Powder,P84_Iron Powder,Abund_Water_Ice_H2O,Err_Water_Ice_H2O,P16_Water_Ice_H2O,P84_Water_Ice_H2O,Abund_Phyllosilicate_Serpentine,Err_Phyllosilicate_Serpentine,P16_Phyllosilicate_Serpentine,P84_Phyllosilicate_Serpentine,Abund_Carbonaceous_Matrix,Err_Carbonaceous_Matrix,P16_Carbonaceous_Matrix,P84_Carbonaceous_Matrix,Abund_Saponite_Smectite,Err_Saponite_Smectite,P16_Saponite_Smectite,P84_Saponite_Smectite,Abund_Magnesite_Carbonate,Err_Magnesite_Carbonate,P16_Magnesite_Carbonate,P84_Magnesite_Carbonate,Abund_Epsomite_Mg_Sulfate,Err_Epsomite_Mg_Sulfate,P16_Epsomite_Mg_Sulfate,P84_Epsomite_Mg_Sulfate,Abund_Cronstedtite_FePhyllosilicate,Err_Cronstedtite_FePhyllosilicate,P16_Cronstedtite_FePhyllosilicate,P84_Cronstedtite_FePhyllosilicate
1943 Anteros (1973 EC),Analyzed,None,L,SiMDA Substring Match,Stony/Metallic,0.0007735901114383696,1.0715916369404102,0.0964870980969883,0.045029304434369255,0.4666873118010664,-0.0010784950341497992,0.00023697703400354296,4.368010005822851,0.02739577993309464,3.0,0.08,0.3131883864732914,0.018445684200330454,Valid,0.0,0.0024971323568773523,0.0,0.0,0.01240930254432349,0.008822442679269519,0.0,0.02139575597048415,0.2565506844202458,0.007692240989178586,0.24939643866952782,0.26367863524623075,0.0,0.0,0.0,0.0,0.0,0.0014822079446188893,0.0,0.0,0.0,0.000659026393838964,0.0,0.0,0.1937965995622515,0.009028135856797738,0.19282148772732502,0.21035586292120173,0.25013512766899126,0.005479349646510098,0.24080502554281147,0.25192776727091193,0.017817251128362677,0.01301346852704661,0.0,0.028334712707660456,0.0,0.0020848991178459095,0.0,0.0,0.0,0.003240269415217825,0.0,0.00528053683407655,0.26929103467582527,0.005660903753623549,0.2595909453660805,0.27002962542607334,,,,,,,,,,,,,,,,,,,,,,,,,,,,
35396 (1997 XF11),Analyzed,None,Xk,NEOWISE Diameter-Porosity Model,Primitive/Aqueous (Auto-AIC),0.0006045662101900052,1.0903386242336797,0.08633928571428551,0.038033085445439374,0.44050729781687903,-0.0006670923513944811,0.00012996033445199868,2.355603117589053,0.004243505215659297,2.8,0.4,,,Not Calculated (Bulk density is a placeholder/model estimate),,,,,,,,,,,,,,,,,,,,,,,,,,,,,,,,,,,,,,,,,,,,,,,,,0.0,0.0,0.0,0.0,0.0,0.0015755396039155497,0.0,0.0,0.21360621891141057,0.0024809158225169944,0.2107357394615923,0.2161663822067349,0.21281282761925374,0.0030429130028944438,0.20984129909065297,0.21590667432862146,0.19411417027264977,0.002896385489545071,0.19074148794376744,0.19612451077833112,0.20161188105626873,0.002812811032306248,0.19906178495612148,0.20420623747528782,0.17785490214041724,0.002850042104258225,0.17538922157656045,0.18091902678399885
422686 (2000 AC6),Analyzed,None,Q,NEOWISE Diameter-Porosity Model,Stony/Metallic,0.0010465156198570433,1.0161506689907889,0.22838023335621138,0.0,0.0,-0.0011168682117914017,0.00033110613743767947,4.431619950760977,0.027846182905926147,2.8,0.4,,,Not Calculated (Bulk density is a placeholder/model estimate),0.0,0.0,0.0,0.0,0.0,0.0,0.0,0.0,0.2638003025778878,0.009815512211984576,0.2553155786748129,0.2727351648105247,0.0,0.0007864424714518015,0.0,0.0,0.0,0.0020333451655710454,0.0,0.0,0.0,0.0008154535161689203,0.0,0.0,0.19753463854984588,0.012478910693990696,0.19228922418088934,0.21772741015081537,0.2498983048373698,0.00681062878547782,0.23886985701755398,0.25280654124399876,0.0,0.0,0.0,0.0,0.0,0.0,0.0,0.0,0.01081543822063523,0.007150849040814233,0.005636897301921257,0.018722903082695457,0.2779513158142613,0.007093557042039563,0.2649513780551629,0.27879330081637094,,,,,,,,,,,,,,,,,,,,,,,,,,,,
175706 (1996 FG3),Analyzed,None,C,SiMDA Carry Compilation (C_BD),Primitive/Aqueous,0.0004764060583213401,0.8010281852534944,0.0,0.04750392247801949,,-0.0006009025026372238,0.0001384718184830159,2.3584441888782046,0.00409159763903601,1.36,0.65,0.42334866077671107,0.255619581927102,Valid,,,,,,,,,,,,,,,,,,,,,,,,,,,,,,,,,,,,,,,,,,,,,,,,,0.0,0.0,0.0,0.0,0.0,0.0,0.0,0.0,0.2104336760640362,0.0027750694822280134,0.20750237289995738,0.21293354408921472,0.21103677293888431,0.0029091564030094873,0.20855063951927047,0.21390967026323762,0.1955220891320917,0.00282768948744291,0.19277499961981998,0.19817286113780408,0.20205896716593272,0.002742643007649206,0.19965519083917302,0.2052439537776697,0.1809484946990551,0.0028281727919112543,0.17841359996341263,0.18396035621597714
85990 (1999 JV6),Excluded,"Featureless spectrum lacking diagnostic absorption bands (Band I depth = 0.0000 < 0.0150, Band II depth = 0.0000 < 0.0150)",Xk,NEOWISE Diameter-Porosity Model,N/A,,,,,,,,,,2.8,0.4,,,Excluded,,,,,,,,,,,,,,,,,,,,,,,,,,,,,,,,,,,,,,,,,,,,,,,,,,,,,,,,,,,,,,,,,,,,,,,,,,,,
16834 (1997 WU22),Analyzed,None,S,NEOWISE Diameter-Porosity Model,Stony/Metallic,0.0007409739372879994,1.014747055173196,0.11570133234641,0.07319003450568251,0.632577283436559,-0.0011305297050884823,0.0002586789993576519,4.438798661093272,0.02499767095604381,2.8,0.4,,,Not Calculated (Bulk density is a placeholder/model estimate),0.006087271711041367,0.0030331358725628377,0.0,0.0,0.0,0.004622649437595968,0.0,0.005958652164167037,0.2643630768000238,0.008252802611809001,0.2525125451788122,0.2695267034523313,0.0,0.00041944619381543535,0.0,0.0,0.0,0.0016603980624547079,0.0,0.0,0.0,0.0,0.0,0.0,0.18511419590146014,0.011041053656910845,0.1830154839242313,0.2042001409654625,0.2593457284410504,0.006037176746791603,0.24790514085066967,0.25937895743215883,0.0,0.009387521364851315,0.0,0.01886907514884745,0.0,0.0,0.0,0.0,0.0,0.003586148285763515,0.0,0.006250032089092239,0.28508972714642433,0.006810777407403699,0.2719225694852177,0.2852334782617237,,,,,,,,,,,,,,,,,,,,,,,,,,,,
175706 (1996 FG3),Analyzed,None,C,SiMDA Carry Compilation (C_BD),Primitive/Aqueous,0.0004465090497175614,0.8094794551563044,0.0,0.03787645439821963,,-0.0005577047040576479,0.000150782164497537,2.3597440252349404,0.004318121660579964,1.36,0.65,0.4236663021682634,0.22653631635641408,Valid,,,,,,,,,,,,,,,,,,,,,,,,,,,,,,,,,,,,,,,,,,,,,,,,,0.0,0.0,0.0,0.0,0.0,0.0,0.0,0.0,0.20914495522676385,0.002928708175714075,0.2061364028632663,0.2120655560372966,0.2098528477659275,0.0025444185295872956,0.2080495228290734,0.21316898515403726,0.19690785412070422,0.0029849829235084977,0.19334814795061162,0.19914024362921015,0.20227431021064549,0.0029077719652187404,0.19961492697459818,0.20534398221485958,0.18182003267595903,0.0026264558739298,0.1788885584002532,0.18397409389189673
236 Honoria (A884 HA),Analyzed,None,L,SiMDA Substring Match,Stony/Metallic,0.0006912915920154264,1.0798504740310937,0.040952515856902405,0.0038726502910378935,0.09456440489687697,-0.0010274950778749476,0.00021996974863971717,4.465496542645674,0.07220768109387256,3.22,1.58,0.27891557652125154,0.2511664575246651,Valid,0.0,0.0,0.0,0.0,0.0,0.020755523244997,0.011062036102311913,0.05479905492318135,0.25152917701912697,0.01472792467656657,0.22951209821089227,0.2589463964648641,0.0,0.0,0.0,0.0,0.0,0.0016539284184542197,0.0,0.0,0.0,0.0,0.0,0.0,0.16503442846583077,0.019404008620808537,0.1709827448518028,0.20785888157735372,0.28126489919043196,0.01569876842758792,0.23755521134343938,0.26649169640833975,0.0,0.01167701225200206,0.0,0.022909061219429632,0.0,0.0010004974270215424,0.0,0.0,0.0,0.002412218274350115,0.0,0.0,0.3021714953246102,0.016407905788681346,0.2540871291858041,0.28365675076501135,,,,,,,,,,,,,,,,,,,,,,,,,,,,
7341 (1991 VK),Analyzed,None,Sq,NEOWISE Diameter-Porosity Model,Stony/Metallic,0.0007081507201216816,1.089924709420602,0.1918274075140347,0.03184452028061591,0.16600610253405035,-0.0011141885646756343,0.0002629354472689306,4.447935793553955,0.07361604929574685,2.8,0.4,,,Not Calculated (Bulk density is a placeholder/model estimate),0.0,0.0010891559637519759,0.0,0.0,0.0,0.02311947703310093,0.0,0.0600541914928828,0.246577754692016,0.015168490875213731,0.22985257682640314,0.26017859514521363,0.0,0.0,0.0,0.0,0.0,0.0017148140645575724,0.0,0.0,0.0,0.0004910695290711219,0.0,0.0,0.17291793567052424,0.018110785023058653,0.17273975526828378,0.2084184422269567,0.2760990224264434,0.015061094092934295,0.2340471463941939,0.26034295812301406,0.0,0.01264362927128417,0.0,0.026946718306077727,0.0,0.004279405079402824,0.0,0.0,0.007984244801701726,0.005489643999021382,0.0,0.013796629460088139,0.29642104240931477,0.015899356059581874,0.2503905484639561,0.27854977252519575,,,,,,,,,,,,,,,,,,,,,,,,,,,,
55 Pandora (A858 RB),Excluded,"Featureless spectrum lacking diagnostic absorption bands (Band I depth = 0.0056 < 0.0150, Band II depth = 0.0000 < 0.0150)",X,NEOWISE Diameter-Porosity Model,N/A,,,,,,,,,,2.8,0.4,,,Excluded,,,,,,,,,,,,,,,,,,,,,,,,,,,,,,,,,,,,,,,,,,,,,,,,,,,,,,,,,,,,,,,,,,,,,,,,,,,,
433 Eros (A898 PA),Analyzed,None,S,Radar / GM Measurement,Stony/Metallic,0.0006000103675374312,0.9993421199886399,0.15846890233159105,0.05423403574855201,0.3422377195184267,-0.0010039394890385737,0.00021895415382775855,4.489831253687448,0.11429219208682269,2.96,0.0,0.3407324612547553,0.018275134085543137,Valid,0.0,0.0038697426178065965,0.0,0.005858898391429395,0.0,0.038576568305543346,0.032392033775403686,0.11305627727149095,0.23731697160909826,0.013528009633359815,0.2160720571919942,0.24141369128532716,0.0,0.0,0.0,0.0,0.0,0.0018555427982753381,0.0,0.0,0.0,0.000443832883904008,0.0,0.0,0.1339972603708679,0.021530291233115242,0.15158512164569357,0.19009966678940243,0.2963966974404391,0.02288171406764508,0.21923523328761757,0.26145830125238495,0.015005783926949812,0.01789907704437475,0.0,0.03601513302454973,0.0,0.010461672681246545,0.0,0.022257164511781027,0.0,0.003032601637379358,0.0,0.005507738206988052,0.3172832866526449,0.025015184228513343,0.23196351021571782,0.27198449407167313,,,,,,,,,,,,,,,,,,,,,,,,,,,,
41 Daphne (A856 KA),Excluded,"Featureless spectrum lacking diagnostic absorption bands (Band I depth = 0.0000 < 0.0150, Band II depth = 0.0000 < 0.0150)",Ch,SiMDA Substring Match,N/A,,,,,,,,,,2.03,0.32,,,Excluded,,,,,,,,,,,,,,,,,,,,,,,,,,,,,,,,,,,,,,,,,,,,,,,,,,,,,,,,,,,,,,,,,,,,,,,,,,,,
63 Ausonia (A861 CA),Analyzed,None,Sa,SiMDA Substring Match,Stony/Metallic,0.0006924096040731696,1.0750043418875659,0.11108494731265084,0.05889678141947663,0.5301958802186802,-0.0009939829394165036,0.0002136556505811535,4.3871041518840785,0.07236896030405464,3.46,0.86,0.2113248557105547,0.1507161805618919,Valid,0.0,0.004038707977604956,0.0,0.0,0.010459221876201312,0.025083241349786088,0.0,0.05962683452278223,0.2419516858746391,0.01430217017559252,0.22385851721497593,0.2540838155639936,0.0,0.0,0.0,0.0,0.0,0.0017692185273548875,0.0,0.0,0.0,0.0004366958456151532,0.0,0.0,0.16463873562635026,0.01888900123904186,0.1625264138452873,0.2017480858640729,0.26665008907733206,0.015261175051434357,0.23410272992214362,0.2665905872340303,0.03345152685371672,0.014721502384945294,0.0,0.03199498571480567,0.0,0.008931252267208447,0.0,0.016494776147698547,0.0,0.0036112073001166207,0.0,0.006465323151710696,0.2828487406917606,0.015730176275876053,0.2490558046062812,0.2823234924804047,,,,,,,,,,,,,,,,,,,,,,,,,,,,
5 Astraea (A845 XA),Analyzed,None,S,SiMDA Substring Match,Stony/Metallic,0.0006222071084153998,0.9925396903395036,0.0737472120152114,0.0665801481977647,0.9028157997895786,-0.0010230777275191832,0.0002111661920413927,4.511277703744541,0.11811989812403847,3.45,0.66,0.23524991663972217,0.12927334547488628,Valid,0.0,0.0005432471395015938,0.0,0.0,0.0,0.036384428143272925,0.014860031568568889,0.10556382858139081,0.24307879238606572,0.01582029789923243,0.22055652493730038,0.2444835024454072,0.0,0.0,0.0,0.0,0.0,0.0018081541171479831,0.0,0.0,0.0,0.000456749728668517,0.0,0.0,0.1370229962793124,0.020581396264253492,0.1598816706960908,0.19466927865834255,0.29812936094569265,0.02091999997345338,0.22581393471631134,0.26178423329250017,0.0,0.011594069428019514,0.0,0.02201326402910985,0.0,0.0034298144959893457,0.0,0.0,0.0,0.003560381455141143,0.0,0.006098300156942098,0.3217688503889292,0.024297141978436326,0.23988781422248548,0.2901699579883227,,,,,,,,,,,,,,,,,,,,,,,,,,,,
65 Cybele (A861 EB),Excluded,"Featureless spectrum lacking diagnostic absorption bands (Band I depth = 0.0128 < 0.0150, Band II depth = 0.0106 < 0.0150)",Xc,SiMDA Substring Match,N/A,,,,,,,,,,1.7,0.52,,,Excluded,,,,,,,,,,,,,,,,,,,,,,,,,,,,,,,,,,,,,,,,,,,,,,,,,,,,,,,,,,,,,,,,,,,,,,,,,,,,
181 Eucharis (A878 CB),Analyzed,None,Xk,SiMDA Substring Match,Primitive/Aqueous (Auto-AIC),0.0005818165210003777,1.0547242391448264,0.03515513297111805,0.004725470284835054,0.13441764787854157,-0.0006934935892604227,0.00011033214849061863,2.3539856661461367,0.004953332541578828,5.46,2.43,,0.5226736447524718,Unconstrained (Measured bulk density exceeds grain density),,,,,,,,,,,,,,,,,,,,,,,,,,,,,,,,,,,,,,,,,,,,,,,,,0.0,0.0,0.0,0.0,0.0,0.0,0.0,0.0,0.21667127922048443,0.0029284563270008225,0.21345169257228114,0.21919324276287336,0.21469574853046566,0.0028784899328766454,0.2122072523461584,0.2176947969889227,0.1917327497501256,0.002848703560058516,0.18878004506078572,0.19421477174609192,0.20053311602521354,0.003221328490806282,0.19752656300633448,0.20336261921424262,0.17636710647371068,0.003050353298453639,0.17347626081557746,0.17924607568773224
3122 Florence (1981 ET3),Analyzed,None,S,NEOWISE Diameter-Porosity Model,Stony/Metallic,0.0008520220603348729,0.9339178644212408,0.22616594153118075,0.06933964940148651,0.30658749470431157,-0.0009825821645219,0.00019024427236479663,4.196367312428538,0.12050774350355384,2.8,0.4,,,Not Calculated (Bulk density is a placeholder/model estimate),0.0,0.0009580644029746318,0.0,0.0,0.09890281994833415,0.03960282359476619,0.005950650801984505,0.10456094634532737,0.2333970042292654,0.014791159562029964,0.22182426037695316,0.2455664432214178,0.0,0.0,0.0,0.0,0.0,0.0021058552008431752,0.0,0.0,0.0,0.0,0.0,0.0,0.1730390789051882,0.019939226085494175,0.16411615718210196,0.1990431987573042,0.239423329628159,0.022818338823814666,0.2243255253911161,0.2698261041570971,0.0,0.009722915101557856,0.0,0.015175566741722659,0.0,0.0044332871219256295,0.0,0.0,0.0,0.0032756701133703535,0.0,0.006098327314278055,0.25523776728905323,0.024022479380388574,0.2382234378739988,0.2910369393119036,,,,,,,,,,,,,,,,,,,,,,,,,,,,
194386 (2001 VG5),Analyzed,None,Sq,NEOWISE Diameter-Porosity Model,Stony/Metallic,0.0007235519438159516,0.9748124466395909,0.11063866712946913,0.0990495766467403,0.8952528010015947,-0.0011041126283053795,0.00026064440735047354,4.486499385176991,0.0695454773415453,2.8,0.4,,,Not Calculated (Bulk density is a placeholder/model estimate),0.0,0.0,0.0,0.0,0.0,0.018856307404716256,0.0,0.0,0.25903987529082145,0.017025570794296556,0.2404810859277673,0.27345279967749925,0.0,0.0,0.0,0.0,0.0,0.0013643828023115554,0.0,0.0,0.0,0.00043874155617448324,0.0,0.0,0.16246083166059916,0.020594839293757786,0.15968902166451715,0.20159377544735316,0.27530696651772335,0.013263689435719395,0.2546299292422419,0.27764901501953393,0.0,0.0030161362120124484,0.0,0.0,0.0,0.0,0.0,0.0,0.0,0.004883818774130334,0.0,0.0076742033723911085,0.3031923265308561,0.01486401421647446,0.2803718841267189,0.3052789177664434,,,,,,,,,,,,,,,,,,,,,,,,,,,,
3288 Seleucus (1982 DV),Analyzed,None,K,NEOWISE Diameter-Porosity Model,Stony/Metallic,0.0008098390579385208,1.0812704322797428,0.13292411235920043,0.015115078138546179,0.11371208631960429,-0.001046329888027625,0.00025537140152581835,4.405783189961933,0.02531020113084308,2.8,0.4,,,Not Calculated (Bulk density is a placeholder/model estimate),0.0,0.0009532134959015669,0.0,0.0,0.0,0.004942302588409272,0.0,0.0081543849773623,0.2581063633160532,0.00886003245653214,0.24674380475764818,0.2622767085428078,0.0,0.0,0.0,0.0,0.0,0.0016764486315425124,0.0,0.0,0.0,0.0004728335446277829,0.0,0.0,0.18781374141111112,0.011656893325060178,0.1867130451305979,0.20829400643128862,0.2556872146652386,0.005391416942293403,0.24460836104460762,0.25660874092244373,0.022352316356436943,0.010000985508424166,0.011975241180438072,0.03098992549214979,0.0,0.0,0.0,0.0,0.0,0.0037120852182846425,0.0,0.006009421736640202,0.27604036425116013,0.00589117608294449,0.26505195571510554,0.2761622717743288,,,,,,,,,,,,,,,,,,,,,,,,,,,,
385186 (1994 AW1),Analyzed,None,Sa,NEOWISE Diameter-Porosity Model,Stony/Metallic,0.0007518797926483004,1.0067403385018676,0.015157205305773025,0.05629522861345981,,-0.001153187738217123,0.00029767309963144034,4.400522130338573,0.02977049080379685,2.8,0.4,,,Not Calculated (Bulk density is a placeholder/model estimate),0.0,0.004928363385654399,0.0,0.0,0.0,0.0031704928857768607,0.0,0.0,0.2581846184810516,0.011017181322542794,0.24673180761039173,0.2660166263791018,0.0,0.0,0.0,0.0,0.0,0.0016442250508334323,0.0,0.0,0.0,0.0006649148758192297,0.0,0.0,0.18834070492668503,0.01207751241231177,0.18498830505509348,0.20820948250173674,0.25490953283595996,0.005535573986493796,0.24523582723101509,0.2543386755869884,0.024451726655509883,0.015350728803185871,0.0,0.037898078098868984,0.0,0.0027597076058633505,0.0,0.0,0.0,0.0034318452304578054,0.0,0.005647610906102086,0.27411341710079357,0.0066236279394177745,0.26139876769348275,0.27460139888008717,,,,,,,,,,,,,,,,,,,,,,,,,,,,
14 Irene (A851 KA),Excluded,Excessive bulk density uncertainty (> 50% relative error: 1.72 +/- 1.12 g/cm3),S,SiMDA Substring Match,N/A,,,,,,,,,,1.72,1.12,,,Excluded,,,,,,,,,,,,,,,,,,,,,,,,,,,,,,,,,,,,,,,,,,,,,,,,,,,,,,,,,,,,,,,,,,,,,,,,,,,,
3200 Phaethon (1983 TB),Analyzed,None,B,NEOWISE Diameter-Porosity Model,Primitive/Aqueous,0.0013152744743217034,0.7825856080480099,0.018172527936373917,0.029751853045439813,,0.0025409207946026167,0.00029687778975037466,2.357061683641801,0.009017926455865856,2.8,0.4,,,Not Calculated (Bulk density is a placeholder/model estimate),,,,,,,,,,,,,,,,,,,,,,,,,,,,,,,,,,,,,,,,,,,,,,,,,0.0,0.0,0.0,0.0,0.0,0.0072466050781205375,0.0,0.009107090318065544,0.210948677206006,0.0062477601306154,0.20430336300646817,0.2165504275476479,0.21156724730760404,0.006097746648494789,0.20470570860085013,0.21660314824339436,0.19474389760297323,0.0061182195585228,0.18749975045959372,0.19922775380208807,0.20249680730751912,0.0056694960035388155,0.19586005510042573,0.20705342323732878,0.18024337057589765,0.006031111905451869,0.17462363155921967,0.18695304960886816
1685 Toro (1948 OA),Analyzed,None,S,NEOWISE Diameter-Porosity Model,Stony/Metallic,0.0006335661592553923,1.0213256128910204,0.16483293273299704,0.053106129539250535,0.32218154866706133,-0.0010036290209308504,0.00020567371037621493,4.495744197060861,0.11523378695408532,2.8,0.4,,,Not Calculated (Bulk density is a placeholder/model estimate),0.0,0.0017138098752907502,0.0,0.0,0.0,0.03615650274257822,0.0,0.08915838357719906,0.24103934380420808,0.015061260526278958,0.2180182460331219,0.2479004143454665,0.0,0.0,0.0,0.0,0.0,0.0020265538999388317,0.0,0.0,0.0,0.0,0.0,0.0,0.14567922021017357,0.021681539393787207,0.15234722561923728,0.19207539261687614,0.29023797176103205,0.024628793701535145,0.22779810397988093,0.2804201354438827,0.0,0.015628322062988927,0.0,0.032188592591498,0.010802989397332643,0.007872121067540268,0.0,0.013928155312163,0.0,0.003758030660131624,0.0,0.0062426411050600416,0.3122404748272536,0.027815840702945786,0.24544971653832265,0.3016051416010153,,,,,,,,,,,,,,,,,,,,,,,,,,,,
1627 Ivar (1929 SH),Analyzed,None,S,NEOWISE Diameter-Porosity Model,Stony/Metallic,0.0008678223589898395,0.8102244200717604,0.1775236880466473,0.06088282303029413,0.3429560511062397,-0.00104037921205721,0.000175168162532482,4.133915908745926,0.0542868097646333,2.8,0.4,,,Not Calculated (Bulk density is a placeholder/model estimate),0.0,0.006901062130622747,0.0,0.01125879176428532,0.12723562097991964,0.021425538605041435,0.11047912860280577,0.12746974964153807,0.22039392228039492,0.009979670258977329,0.21099175787347338,0.23041811844926144,0.0,0.0,0.0,0.0,0.0,0.0022779943383313952,0.0,0.0,0.0,0.0,0.0,0.0,0.16883340596045346,0.014801760610463103,0.1679095787833215,0.19017721222726816,0.2214629684513496,0.014246158662606673,0.21015149504353742,0.22623996833010016,0.0,0.013836552216675702,0.0,0.01579454752066167,0.027777156470279535,0.013019785525328726,0.0,0.034373785404742355,0.0,0.0024970937007942973,0.0,0.0,0.2342969258576028,0.013932131367025055,0.22153640840313646,0.24068732707860832,,,,,,,,,,,,,,,,,,,,,,,,,,,,
21 Lutetia (A852 VA),Excluded,"Featureless spectrum lacking diagnostic absorption bands (Band I depth = 0.0000 < 0.0150, Band II depth = 0.0000 < 0.0150)",Xk,Radar / GM Measurement,N/A,,,,,,,,,,3.54,0.0,,,Excluded,,,,,,,,,,,,,,,,,,,,,,,,,,,,,,,,,,,,,,,,,,,,,,,,,,,,,,,,,,,,,,,,,,,,,,,,,,,,
35107 (1991 VH),Analyzed,None,Sk,SiMDA Carry Compilation (C_BD),Stony/Metallic,0.0008705708995343348,0.9212075360535299,0.0,0.02849824416442881,,-0.0010172825945671915,0.00019349722983402325,4.165312899606436,0.06746425130549903,1.5,0.5,0.6398829965110835,0.12158026549645523,Valid,0.0,0.005489810814059284,0.0,0.007208425263462781,0.10890265712321462,0.029640610391852663,0.0611593353759093,0.11155419139705615,0.22373571899329264,0.012009674226757762,0.21520187460738877,0.2355585732362753,0.0,0.0,0.0,0.0,0.0,0.0023222467439491935,0.0,0.0054006243436790615,0.0,0.0,0.0,0.0,0.17692335821307872,0.014225068658230243,0.1738202627519754,0.20145328295130996,0.22507295663544055,0.015394866910941996,0.21597205264578492,0.239497188578241,0.0,0.015547350539360042,0.0,0.027417381394707497,0.027213801266829468,0.012649712566296906,0.0,0.02803099692807289,0.0,0.0021533778170775278,0.0,0.0,0.23815150776814395,0.01742410601847697,0.22829388502412862,0.2553098628673542,,,,,,,,,,,,,,,,,,,,,,,,,,,,
210 Isabella (A879 VA),Excluded,Unphysical bulk density exceeding solid iron limit (Bulk_Density = 16.26 g/cm3 > 8.0 g/cm3),Cb,SiMDA Substring Match,N/A,,,,,,,,,,16.26,7.65,,,Excluded,,,,,,,,,,,,,,,,,,,,,,,,,,,,,,,,,,,,,,,,,,,,,,,,,,,,,,,,,,,,,,,,,,,,,,,,,,,,
175706 (1996 FG3),Analyzed,None,C,SiMDA Carry Compilation (C_BD),Primitive/Aqueous,0.0005404517702469615,0.7213824924836408,0.03382238112850866,0.0,0.0,-6.501527193467603e-05,0.0001720671323332954,2.3613987804589307,0.004058776280944724,1.36,0.65,0.42407016923431784,0.2730405023362351,Valid,,,,,,,,,,,,,,,,,,,,,,,,,,,,,,,,,,,,,,,,,,,,,,,,,0.0,0.0,0.0,0.0,0.0,0.00042502811538911757,0.0,0.0,0.2077269016879222,0.0028911043443353396,0.20464346050543905,0.2102514472263361,0.20908091994774872,0.003158475253141136,0.20603470881226635,0.21232617907744744,0.19791724419244006,0.002875061876057859,0.19514945291554328,0.2004180504181112,0.20219065650992885,0.0029233956274853554,0.19969876973487477,0.20472220748316847,0.18308427766196,0.0031557234238286584,0.1801269045542889,0.18621429910343817
132 Aethra (A873 LA),Excluded,Unphysical bulk density exceeding solid iron limit (Bulk_Density = 17.09 g/cm3 > 8.0 g/cm3),Xe,SiMDA Substring Match,N/A,,,,,,,,,,17.09,112.83,,,Excluded,,,,,,,,,,,,,,,,,,,,,,,,,,,,,,,,,,,,,,,,,,,,,,,,,,,,,,,,,,,,,,,,,,,,,,,,,,,,
1036 Ganymed (A924 UB),Excluded,Excessive bulk density uncertainty (> 50% relative error: 7.91 +/- 15.10 g/cm3),S,SiMDA Substring Match,N/A,,,,,,,,,,7.91,15.1,,,Excluded,,,,,,,,,,,,,,,,,,,,,,,,,,,,,,,,,,,,,,,,,,,,,,,,,,,,,,,,,,,,,,,,,,,,,,,,,,,,
69 Hesperia (A861 HC),Excluded,"Featureless spectrum lacking diagnostic absorption bands (Band I depth = 0.0115 < 0.0150, Band II depth = 0.0000 < 0.0150)",X,SiMDA Substring Match,N/A,,,,,,,,,,4.38,0.99,,,Excluded,,,,,,,,,,,,,,,,,,,,,,,,,,,,,,,,,,,,,,,,,,,,,,,,,,,,,,,,,,,,,,,,,,,,,,,,,,,,
250 Bettina (A885 RA),Excluded,Excessive bulk density uncertainty (> 50% relative error: 7.84 +/- 5.42 g/cm3),Xk,SiMDA Substring Match,N/A,,,,,,,,,,7.84,5.42,,,Excluded,,,,,,,,,,,,,,,,,,,,,,,,,,,,,,,,,,,,,,,,,,,,,,,,,,,,,,,,,,,,,,,,,,,,,,,,,,,,
24 Themis (A853 GA),Analyzed,None,B,SiMDA Substring Match,Primitive/Aqueous,0.0006185997304669032,0.8252374310650469,0.023303632625085613,0.0,0.0,-0.00045921820835283103,0.00017321938418397612,2.3564669707562294,0.004660972542603489,1.81,0.67,0.23190096765110146,0.20822503936120065,Valid,,,,,,,,,,,,,,,,,,,,,,,,,,,,,,,,,,,,,,,,,,,,,,,,,0.0,0.0,0.0,0.0,0.0,0.0,0.0,0.0,0.2142515806406483,0.0034799770176785947,0.21111036219308016,0.21746974358845947,0.21346755844382687,0.0033931374719008496,0.21061280439095742,0.21619747059988964,0.19252765541259337,0.003213097660709684,0.1890997448026593,0.19559975386240183,0.20065370192154078,0.0030509513565957474,0.19829925344922614,0.2039448213022711,0.17909950358139068,0.0032861186473441455,0.17544505416906725,0.18194280329982446
111 Ate (A870 PA),Excluded,"Featureless spectrum lacking diagnostic absorption bands (Band I depth = 0.0000 < 0.0150, Band II depth = 0.0039 < 0.0150)",Ch,SiMDA Substring Match,N/A,,,,,,,,,,1.15,0.32,,,Excluded,,,,,,,,,,,,,,,,,,,,,,,,,,,,,,,,,,,,,,,,,,,,,,,,,,,,,,,,,,,,,,,,,,,,,,,,,,,,
269 Justitia (A887 SA),Excluded,"Featureless spectrum lacking diagnostic absorption bands (Band I depth = 0.0000 < 0.0150, Band II depth = 0.0000 < 0.0150)",Ld,NEOWISE Diameter-Porosity Model,N/A,,,,,,,,,,2.8,0.4,,,Excluded,,,,,,,,,,,,,,,,,,,,,,,,,,,,,,,,,,,,,,,,,,,,,,,,,,,,,,,,,,,,,,,,,,,,,,,,,,,,
191 Kolga (A878 SB),Excluded,Excessive bulk density uncertainty (> 50% relative error: 0.94 +/- 0.53 g/cm3),Cb,SiMDA Substring Match,N/A,,,,,,,,,,0.94,0.53,,,Excluded,,,,,,,,,,,,,,,,,,,,,,,,,,,,,,,,,,,,,,,,,,,,,,,,,,,,,,,,,,,,,,,,,,,,,,,,,,,,
570 Kythera (A905 OF),Excluded,Excessive bulk density uncertainty (> 50% relative error: 4.78 +/- 2.87 g/cm3),T,SiMDA Substring Match,N/A,,,,,,,,,,4.78,2.87,,,Excluded,,,,,,,,,,,,,,,,,,,,,,,,,,,,,,,,,,,,,,,,,,,,,,,,,,,,,,,,,,,,,,,,,,,,,,,,,,,,
5817 Robertfrazer (1989 RZ),Analyzed,None,S,NEOWISE Diameter-Porosity Model,Stony/Metallic,0.0007725329091616425,0.8934718107744913,0.09825412980505766,0.07536430060050903,0.7670344315301201,-0.0009462692894391385,0.00016870348679843132,4.035269135139996,0.017210639648401214,2.8,0.4,,,Not Calculated (Bulk density is a placeholder/model estimate),0.0,0.0014071633166947818,0.0,0.0,0.1754180416487923,0.005265393863296041,0.16653819914302243,0.1769187622519979,0.20752279849650476,0.006613394165864445,0.19876712753194645,0.21208106627803602,0.0,0.0,0.0,0.0,0.0,0.0015372788118452677,0.0,0.0,0.0,0.0,0.0,0.0,0.160112900466267,0.009736353514935667,0.160428188946194,0.1793701676909081,0.2077204369900746,0.006056949162559697,0.19839237506499524,0.2095350980791755,0.0,0.006420435997151631,0.0,0.010938008515096619,0.029431272598934223,0.007884863051238785,0.020610507714645634,0.034073534575752115,0.0,0.0027291895398962656,0.0,0.0008278430029281073,0.21979454979942703,0.0060796912056913155,0.2094803084013198,0.2207939089906982,,,,,,,,,,,,,,,,,,,,,,,,,,,,
5641 McCleese (1990 DJ),Analyzed,None,A,NEOWISE Diameter-Porosity Model,Stony/Metallic,0.0009336356623179073,1.0923934920634368,0.15878079511031273,0.05116859541638308,0.3222593474282187,-0.0009964920452200006,0.00018983221015988051,4.402435599006586,0.04749220993008419,2.8,0.4,,,Not Calculated (Bulk density is a placeholder/model estimate),0.01612063681399019,0.008174892611582527,0.0,0.017856844036585863,0.0,0.009709123080468021,0.0,0.019654503782382645,0.24591053916710243,0.014903222655571499,0.22763087884380348,0.25671394737640774,0.0,0.0,0.0,0.0,0.0,0.0012639114986240825,0.0,0.0,0.0,0.0,0.0,0.0,0.1713208960029506,0.01763417488454943,0.17289841153464755,0.20744825796705318,0.27161530466683853,0.011664162756573023,0.24073397774878977,0.2620254088652784,0.009218476211250342,0.02126769503064205,0.005400827736285654,0.048434523326034526,0.0,0.011254117799722132,0.0,0.024042839971538662,0.0,0.0025362907935882746,0.0,0.0,0.2858141471378678,0.012287120435357077,0.25097552432695863,0.27506410646489415,,,,,,,,,,,,,,,,,,,,,,,,,,,,
19 Fortuna (A852 QA),Excluded,"Featureless spectrum lacking diagnostic absorption bands (Band I depth = 0.0000 < 0.0150, Band II depth = 0.0000 < 0.0150)",Ch,SiMDA Substring Match,N/A,,,,,,,,,,1.85,0.35,,,Excluded,,,,,,,,,,,,,,,,,,,,,,,,,,,,,,,,,,,,,,,,,,,,,,,,,,,,,,,,,,,,,,,,,,,,,,,,,,,,
76 Freia (A862 UA),Excluded,Excessive bulk density uncertainty (> 50% relative error: 0.79 +/- 1.69 g/cm3),X,SiMDA Substring Match,N/A,,,,,,,,,,0.79,1.69,,,Excluded,,,,,,,,,,,,,,,,,,,,,,,,,,,,,,,,,,,,,,,,,,,,,,,,,,,,,,,,,,,,,,,,,,,,,,,,,,,,
175 Andromache (A877 TA),Excluded,Excessive bulk density uncertainty (> 50% relative error: 1.63 +/- 1.07 g/cm3),Cg,SiMDA Substring Match,N/A,,,,,,,,,,1.63,1.07,,,Excluded,,,,,,,,,,,,,,,,,,,,,,,,,,,,,,,,,,,,,,,,,,,,,,,,,,,,,,,,,,,,,,,,,,,,,,,,,,,,
118 Peitho (A872 EA),Excluded,Excessive bulk density uncertainty (> 50% relative error: 1.39 +/- 0.94 g/cm3),S,SiMDA Substring Match,N/A,,,,,,,,,,1.39,0.94,,,Excluded,,,,,,,,,,,,,,,,,,,,,,,,,,,,,,,,,,,,,,,,,,,,,,,,,,,,,,,,,,,,,,,,,,,,,,,,,,,,
48 Doris (A857 SA),Excluded,Excessive bulk density uncertainty (> 50% relative error: 1.23 +/- 0.62 g/cm3),Ch,SiMDA Substring Match,N/A,,,,,,,,,,1.23,0.62,,,Excluded,,,,,,,,,,,,,,,,,,,,,,,,,,,,,,,,,,,,,,,,,,,,,,,,,,,,,,,,,,,,,,,,,,,,,,,,,,,,
5836 (1993 MF),Analyzed,None,S,NEOWISE Diameter-Porosity Model,Stony/Metallic,0.0006053034669290041,0.9735939889797558,0.10323171116581442,0.06930087321324996,0.6713138088153595,-0.0009975926956437683,0.0001987419975507312,4.506832697130186,0.12308098844045515,2.8,0.4,,,Not Calculated (Bulk density is a placeholder/model estimate),0.0,0.001605571339128997,0.0,0.0,0.0,0.03674632616157821,0.07277768646544105,0.11251714453432388,0.23627215868858628,0.01584844533068373,0.21652696097602714,0.2430732673746022,0.0,0.0,0.0,0.0,0.0,0.0019617516686762527,0.0,0.0,0.0,0.0,0.0,0.0,0.13650257976786215,0.02168645042023256,0.15950886621844243,0.1941703571469888,0.30222876934704146,0.021593135912704897,0.22145440825124008,0.24763426562732152,0.0,0.013304358354521338,0.0,0.025464312652741402,0.0,0.004121003748261012,0.0,0.0,0.0,0.0033113531787352522,0.0,0.005311406295349715,0.3249964921965102,0.027767794183183554,0.23527020157824563,0.26407992359631566,,,,,,,,,,,,,,,,,,,,,,,,,,,,
108 Hecuba (A869 GB),Analyzed,None,Sl,NEOWISE Diameter-Porosity Model,Stony/Metallic,0.00086048262007354,0.8341328020862797,0.10177861094600149,0.0,0.0,-0.0009758234481729056,0.00016113886333544509,4.100332830540468,0.02201788230644333,2.8,0.4,,,Not Calculated (Bulk density is a placeholder/model estimate),0.0,0.005828222699287277,0.0,0.007890405770886814,0.13981070312330193,0.007520684961715677,0.12857310901178284,0.14120967943546656,0.2131381847022291,0.0083921251022229,0.20502656309533418,0.22152675948857348,0.0,0.0,0.0,0.0,0.0,0.001610812309531226,0.0,0.0,0.0,0.0,0.0,0.0,0.165489048626585,0.008700671511598142,0.16822666551267038,0.18628236851945007,0.21251267626565074,0.006578824877807524,0.2026247007331939,0.2144260745161924,0.007657958676257067,0.009729332084630745,0.0,0.01838428182403837,0.0370207100296057,0.00852633511984757,0.026177690805688478,0.03986457337304985,0.0,0.0027522440764879657,0.0,0.00552899172055088,0.22437071857637036,0.007092686074597573,0.2145931779812268,0.22624682440711893,,,,,,,,,,,,,,,,,,,,,,,,,,,,
27 Euterpe (A853 VA),Excluded,Excessive bulk density uncertainty (> 50% relative error: 2.69 +/- 1.71 g/cm3),S,SiMDA Substring Match,N/A,,,,,,,,,,2.69,1.71,,,Excluded,,,,,,,,,,,,,,,,,,,,,,,,,,,,,,,,,,,,,,,,,,,,,,,,,,,,,,,,,,,,,,,,,,,,,,,,,,,,
266 Aline (A887 KA),Excluded,Albedo too low for spectral feature discrimination (Albedo = 0.0270 < 0.03),Ch,SiMDA Substring Match,N/A,,,,,,,,,,6.29,1.32,,,Excluded,,,,,,,,,,,,,,,,,,,,,,,,,,,,,,,,,,,,,,,,,,,,,,,,,,,,,,,,,,,,,,,,,,,,,,,,,,,,
1857 Parchomenko (1971 QS1),Analyzed,None,S,NEOWISE Diameter-Porosity Model,Stony/Metallic,0.0021569527851513694,1.2226537412593594,0.20968945954016127,0.055799462798085786,0.266105234476026,-0.0007063874939803716,0.0005159036403286057,3.8823435487808795,0.14018681256524884,2.8,0.4,,,Not Calculated (Bulk density is a placeholder/model estimate),0.07120794470959795,0.024498390410303363,0.046266908264950925,0.09388096284913394,0.0,0.023573425953335114,0.0,0.047614255923827,0.10971861776247685,0.05838127211073062,0.04344170688363574,0.17238840557046237,0.0,0.0009070449897247828,0.0,0.0,0.0,0.001788881801122608,0.0,0.0,0.0,0.0017915408704641952,0.0,0.0,0.2576762931234995,0.11281740341608235,0.1720871453306555,0.4230247916063923,0.14430981130480586,0.04166140419427451,0.10010731689145953,0.16135408597317882,0.22578272886030612,0.054771539724704554,0.1881259621792751,0.2705930271169966,0.0,0.0,0.0,0.0,0.0524184475925111,0.017109064093453842,0.033670647548592676,0.07038805917735753,0.13888615664680257,0.04129879723022509,0.0978158379747543,0.15572667409589958,,,,,,,,,,,,,,,,,,,,,,,,,,,,
5587 (1990 SB),Analyzed,None,Sq,NEOWISE Diameter-Porosity Model,Stony/Metallic,0.0007838377896838834,1.1092636600007262,0.12751376854492946,0.04871374397868178,0.382027325633604,-0.0009422556600300413,0.00024634074995947023,4.453147693562832,0.1112987597679423,2.8,0.4,,,Not Calculated (Bulk density is a placeholder/model estimate),0.0,0.0047670940022207986,0.0,0.0,0.0,0.03439751910114735,0.0,0.07596964101976564,0.23410593914117747,0.018555698063679977,0.21529380159308215,0.24480034298208161,0.0,0.0,0.0,0.0,0.0,0.0016472450086769165,0.0,0.0,0.0,0.0,0.0,0.0,0.15669857916938193,0.022569197115995882,0.15722132840031194,0.19661622141906254,0.28939532074006236,0.020905556987048646,0.23349053333197228,0.2788430840446662,0.011221394402580605,0.017131771364834503,0.0,0.03867038705680956,0.0,0.0,0.0,0.0,0.0,0.00389832496112523,0.0,0.006727060446884452,0.30857876654679756,0.025378413907916262,0.2455653703544417,0.3005659626226742,,,,,,,,,,,,,,,,,,,,,,,,,,,,
131 Vala (A873 KA),Analyzed,None,Xc,NEOWISE Diameter-Porosity Model,Primitive/Aqueous (Auto-AIC),0.0005294572806403147,0.7867100062572441,0.07905704138580849,0.0,0.0,-0.0006159220493377949,0.0001366375033385823,2.355743989083205,0.004579661457928851,2.8,0.4,,,Not Calculated (Bulk density is a placeholder/model estimate),,,,,,,,,,,,,,,,,,,,,,,,,,,,,,,,,,,,,,,,,,,,,,,,,0.0,0.0,0.0,0.0,0.0,0.0,0.0,0.0,0.2152691677407502,0.003435321256305769,0.21178193146925467,0.21852988069060358,0.2136365562945963,0.00301102069747563,0.21072731331010786,0.21702845158254902,0.1928204488275108,0.0032936327249424176,0.18902174691843268,0.19535811834584932,0.20049656466670224,0.003143478885804292,0.19779034842899945,0.2032241264744105,0.17777726247044054,0.0032671089745338715,0.17498920663477047,0.18152798176884047
2074 Shoemaker (1974 UA),Analyzed,None,Sa,NEOWISE Diameter-Porosity Model,Stony/Metallic,0.0008121958533533027,1.0749093580463225,0.17853822596521918,0.07350486529259759,0.41170379561695086,-0.0009219970847054791,0.00016257964234758375,4.071408582731019,0.02370147333456874,2.8,0.4,,,Not Calculated (Bulk density is a placeholder/model estimate),0.0,0.001970554077160633,0.0,0.0,0.15471078595214263,0.009728841593673222,0.14460633088520328,0.16283991262745776,0.21215891437699305,0.00872030387557953,0.203625557255539,0.22041836991056898,0.0,0.0,0.0,0.0,0.0,0.0016752817523713129,0.0,0.0,0.0,0.0,0.0,0.0,0.15606059714782697,0.011138258938722303,0.16162025953410133,0.18295932122619615,0.22535050448324404,0.007797821358140662,0.20903815414528765,0.22487080414118116,0.012373255442197173,0.010150364263100828,0.0,0.015343151348733243,0.0,0.010300248929972408,0.0,0.020049823621284053,0.0,0.0027885336478413398,0.0,0.005112349280995539,0.23934594259759606,0.008294945729400491,0.2216464560136325,0.23733518531945458,,,,,,,,,,,,,,,,,,,,,,,,,,,,
105 Artemis (A868 SA),Excluded,"Featureless spectrum lacking diagnostic absorption bands (Band I depth = 0.0000 < 0.0150, Band II depth = 0.0011 < 0.0150)",Ch,SiMDA Substring Match,N/A,,,,,,,,,,1.73,0.67,,,Excluded,,,,,,,,,,,,,,,,,,,,,,,,,,,,,,,,,,,,,,,,,,,,,,,,,,,,,,,,,,,,,,,,,,,,,,,,,,,,
706 Hirundo (A910 TF),Analyzed,None,Cgh,NEOWISE Diameter-Porosity Model,Primitive/Aqueous,0.0004821019501396117,0.790402164619888,0.016837214660087807,0.0,,-0.0005737307224733145,0.00013557645429739494,2.356427691226089,0.004346955747218978,2.8,0.4,,,Not Calculated (Bulk density is a placeholder/model estimate),,,,,,,,,,,,,,,,,,,,,,,,,,,,,,,,,,,,,,,,,,,,,,,,,0.0,0.0,0.0,0.0,0.0,0.0,0.0,0.0,0.2139920897160669,0.0031549430283094797,0.21126248149230809,0.21708071267120596,0.21256709849837746,0.0031849008287474054,0.20958643068425006,0.2161896472587116,0.19441989457624748,0.0030690984719201546,0.1911556192855376,0.19711145561417676,0.20100332272201474,0.00288750065149987,0.19824534398285099,0.2036248732501248,0.17801759448729326,0.0033109204246805487,0.1751994714630958,0.1817505404426942
773 Irmintraud (A913 YF),Excluded,Excessive bulk density uncertainty (> 50% relative error: 1.31 +/- 0.72 g/cm3),T,SiMDA Substring Match,N/A,,,,,,,,,,1.31,0.72,,,Excluded,,,,,,,,,,,,,,,,,,,,,,,,,,,,,,,,,,,,,,,,,,,,,,,,,,,,,,,,,,,,,,,,,,,,,,,,,,,,
7822 (1991 CS),Analyzed,None,S,NEOWISE Diameter-Porosity Model,Stony/Metallic,0.0006315012651533788,0.98852702015023,0.11036069467121867,0.0612421553776239,0.5549272370935469,-0.0010446719952181942,0.00023316267189236117,4.5274818993454415,0.1389212223407446,2.8,0.4,,,Not Calculated (Bulk density is a placeholder/model estimate),0.0,0.0032828685656407777,0.0,0.0,0.0,0.04138177137686432,0.008573824620453146,0.11428108743130759,0.23838445305737163,0.020632438226844223,0.2134933257824579,0.24590056358635232,0.0,0.0,0.0,0.0,0.0,0.0019929521397652307,0.0,0.0,0.0,0.0004269053502364567,0.0,0.0,0.12300739340193068,0.02349722688141682,0.15051874299401632,0.1903485700320442,0.30859723034552317,0.028847145935120812,0.2216788184118574,0.2750154967573001,0.0,0.015686571959941116,0.0,0.0322412016515184,0.0,0.0031054140394008193,0.0,0.0,0.0,0.003259683480965366,0.0,0.005651528194419495,0.3300109231951745,0.02963883836436777,0.23403461741532267,0.2935784595334837,,,,,,,,,,,,,,,,,,,,,,,,,,,,
4197 Morpheus (1982 TA),Analyzed,None,Sq,NEOWISE Diameter-Porosity Model,Stony/Metallic,0.0008535487284982119,1.073156477609571,0.0,0.06857293898858696,,-0.0010054805630233786,0.00021176309651145604,4.2160094464270825,0.11455258999078911,2.8,0.4,,,Not Calculated (Bulk density is a placeholder/model estimate),0.0,0.0,0.0,0.0,0.08610280102520132,0.03848397421763535,0.0,0.0890796917600025,0.23306817274402353,0.013999703484371824,0.2264155676487402,0.2525861912461762,0.0,0.0,0.0,0.0,0.0,0.0017326424927036116,0.0,0.0,0.0,0.0004516442365415597,0.0,0.0,0.18025927006913703,0.01805972586062214,0.17098265811099872,0.20201953819146248,0.2421372187141294,0.0222569700020674,0.22804922071467496,0.2771594897751913,0.0,0.007898023472030263,0.0,0.005212352270216748,0.0,0.0009426851484297156,0.0,0.0,0.0,0.003263679908160428,0.0,0.0008517619930150625,0.25843253744750866,0.024116608588001857,0.24644756440221105,0.30025512872344573,,,,,,,,,,,,,,,,,,,,,,,,,,,,
1660 Wood (1953 GA),Analyzed,None,S,NEOWISE Diameter-Porosity Model,Stony/Metallic,0.0008605943024748298,0.9235094247355662,0.07179252575286699,0.05488369824937833,0.7644764921393866,-0.001017929672647941,0.0002067188707742831,4.149884156116378,0.09968097614936398,2.8,0.4,,,Not Calculated (Bulk density is a placeholder/model estimate),0.0,0.0010504826778080095,0.0,0.0,0.11926384131357796,0.03400030262603608,0.09560420553827544,0.12237323935331411,0.22691034627776932,0.012619395706360656,0.21565953110083116,0.2381897476593401,0.0,0.0,0.0,0.0,0.0,0.0018740015235986806,0.0,0.0,0.0,0.0,0.0,0.0,0.17099208315267392,0.015056118166827408,0.16620062845563222,0.19282796075450173,0.23368531647574142,0.019779122607364755,0.22047304948316904,0.23880583367476538,0.0,0.010856683140598462,0.0,0.021129194764594333,0.0,0.004174428240479336,0.0,0.0,0.0,0.0025813197703154745,0.0,0.0,0.24914841278023747,0.02192344393362784,0.23548286671213567,0.25400194762890843,,,,,,,,,,,,,,,,,,,,,,,,,,,,
2335 James (1974 UB),Analyzed,None,Sa,NEOWISE Diameter-Porosity Model,Stony/Metallic,0.0008767976837364317,0.9432639851873893,0.10222988099446217,0.050020915435591506,0.4892983827135743,-0.0009552169052255182,0.00016733383401108007,4.090738226925378,0.050374295615284045,2.8,0.4,,,Not Calculated (Bulk density is a placeholder/model estimate),0.0,0.0017793895049898168,0.0,0.0,0.1488745653025409,0.014186094935817378,0.1371475183124367,0.15444364828513665,0.22017563512657037,0.009924530703486357,0.21007917989012612,0.228175907796418,0.0,0.0,0.0,0.0,0.0,0.002239540228000344,0.0,0.0008084095078771314,0.0,0.0,0.0,0.0,0.16295329087330623,0.01443355233373182,0.16240765885398034,0.18636381132740037,0.22695081872222322,0.010627287879995432,0.21119197334007683,0.2273547363733174,0.0,0.006770524902364619,0.0,0.007843058947368996,0.0,0.005925716697619032,0.0,0.006134164237381838,0.0,0.0030275848991784694,0.0,0.005250124723950965,0.24104568997535933,0.010888865885310227,0.22561601553028257,0.23963025952412106,,,,,,,,,,,,,,,,,,,,,,,,,,,,
1864 Daedalus (1971 FA),Analyzed,None,Sr,NEOWISE Diameter-Porosity Model,Stony/Metallic,0.0007171096060068858,1.0459819809382191,0.16949992916843748,0.03509037971612283,0.2070229756925291,-0.0007912175060235643,0.00018164430456013404,4.337295741971298,0.03825299996074196,2.8,0.4,,,Not Calculated (Bulk density is a placeholder/model estimate),0.0,0.0009668481557291661,0.0,0.0,0.024275087463453603,0.010030501863035128,0.011759272135498332,0.03066480388580425,0.1778466720219057,0.012300208099677919,0.16794695485330097,0.19389805279913744,0.0,0.0,0.0,0.0,0.0,0.0008692028345579593,0.0,0.0,0.0,0.0,0.0,0.0,0.1413096418632151,0.013988171079281235,0.13753525799898256,0.1637453266697537,0.1926908438827526,0.008023627698521016,0.18303107313141617,0.19772078434922277,0.07278319716088495,0.012616167846334979,0.05945477352098701,0.08268827098220269,0.1833733128869021,0.007305877372893563,0.17258155320133808,0.18755884860155692,0.007959160403667285,0.004915342200135464,0.0,0.01236912023211601,0.19976208431721865,0.007191641657498444,0.18937007315261403,0.20418289268443418,,,,,,,,,,,,,,,,,,,,,,,,,,,,
173 Ino (A877 PA),Excluded,Excessive bulk density uncertainty (> 50% relative error: 2.23 +/- 1.47 g/cm3),Xk,SiMDA Substring Match,N/A,,,,,,,,,,2.23,1.47,,,Excluded,,,,,,,,,,,,,,,,,,,,,,,,,,,,,,,,,,,,,,,,,,,,,,,,,,,,,,,,,,,,,,,,,,,,,,,,,,,,
261 Prymno (A886 UA),Excluded,"Featureless spectrum lacking diagnostic absorption bands (Band I depth = 0.0000 < 0.0150, Band II depth = 0.0009 < 0.0150)",X,NEOWISE Diameter-Porosity Model,N/A,,,,,,,,,,2.8,0.4,,,Excluded,,,,,,,,,,,,,,,,,,,,,,,,,,,,,,,,,,,,,,,,,,,,,,,,,,,,,,,,,,,,,,,,,,,,,,,,,,,,
246 Asporina (A885 EA),Analyzed,None,A,NEOWISE Diameter-Porosity Model,Stony/Metallic,0.0008334809970742854,0.9196668876255377,0.29744854143003574,0.0,0.0,-0.000976809043519828,0.00017833128086920682,4.109392872482646,0.026256171128107155,2.8,0.4,,,Not Calculated (Bulk density is a placeholder/model estimate),0.03570113255925281,0.009777317596581651,0.013712530071722932,0.03432203757826704,0.11617730497316617,0.008900986293360552,0.10493265752070058,0.12305218447416615,0.2200787775769053,0.009879680768193953,0.20613604911460282,0.2243813389884677,0.0,0.0,0.0,0.0,0.0,0.0020026676965668785,0.0,0.0,0.0,0.0,0.0,0.0,0.1621541130607731,0.012884318691305624,0.16163764630218186,0.18640689083653034,0.22645069419797698,0.007731151629221587,0.20773852390739708,0.2227818528133666,0.0,0.015417299881540853,0.0,0.028497171965158836,0.0,0.013011922982293396,0.0,0.027522555681765783,0.0,0.002671001780001549,0.0,0.005383204067004799,0.23943797763192565,0.00811319187564845,0.21796894479124218,0.23391442581845498,,,,,,,,,,,,,,,,,,,,,,,,,,,,
180 Garumna (A878 BA),Analyzed,None,Sq,NEOWISE Diameter-Porosity Model,Stony/Metallic,0.0008074920873677063,0.9155316829743857,0.05815520565004506,0.06556052061946649,1.1273370953923485,-0.000955528158055242,0.00016181826333143258,4.032928569575454,0.021428332254099913,2.8,0.4,,,Not Calculated (Bulk density is a placeholder/model estimate),0.0,0.0,0.0,0.0,0.1774604482220351,0.0063367721543432145,0.1688368821290231,0.1803737882658478,0.21350700885456084,0.008527006359721314,0.20328711828636922,0.2192663673884612,0.0,0.0,0.0,0.0,0.0,0.0020044541713750475,0.0,0.0,0.0,0.0,0.0,0.0,0.15913789301248862,0.010080455764344957,0.1608421895699909,0.18022257309047235,0.2175854999384571,0.005991898883104527,0.20684294846476217,0.21954131558471002,0.0,0.0013757668968188948,0.0,0.0,0.0,0.004876385265265717,0.0,0.0,0.0,0.002987048050442317,0.0,0.005423316076390247,0.23230914997245838,0.006427983498995446,0.22104348403236415,0.2333559574702093,,,,,,,,,,,,,,,,,,,,,,,,,,,,
600 Musa (A906 LA),Analyzed,None,S,NEOWISE Diameter-Porosity Model,Stony/Metallic,0.0007870553533806683,0.9339366559849509,0.08366470746661159,0.0631455840618943,0.7547457700380302,-0.0009574925464238448,0.00017707680776118292,4.042171802226595,0.0221491413998584,2.8,0.4,,,Not Calculated (Bulk density is a placeholder/model estimate),0.0,0.0,0.0,0.0,0.17400414984385995,0.006872492840536371,0.16239266903221575,0.17679059449470402,0.21616350599976095,0.008087886003372357,0.2036417591785929,0.21818560029872056,0.0,0.0,0.0,0.0,0.0,0.0017356679317564144,0.0,0.0,0.0,0.0,0.0,0.0,0.1578922974672897,0.010210760626230268,0.16011604976654048,0.18122942771605755,0.21887557844637845,0.006491327118717207,0.2068226035755798,0.22019337626889612,0.0,0.005385750948636087,0.0,0.007280147434283237,0.0,0.00902499996558243,0.0,0.017042180708725978,0.0,0.0021375655365260173,0.0,0.0,0.23306446824271096,0.00786766997325475,0.21825238379342798,0.23379606714205647,,,,,,,,,,,,,,,,,,,,,,,,,,,,
3248 Farinella (1982 FK),Excluded,"Featureless spectrum lacking diagnostic absorption bands (Band I depth = 0.0000 < 0.0150, Band II depth = 0.0000 < 0.0150)",D,NEOWISE Diameter-Porosity Model,N/A,,,,,,,,,,2.8,0.4,,,Excluded,,,,,,,,,,,,,,,,,,,,,,,,,,,,,,,,,,,,,,,,,,,,,,,,,,,,,,,,,,,,,,,,,,,,,,,,,,,,
3674 Erbisbuhl (1963 RH),Analyzed,None,Sk,NEOWISE Diameter-Porosity Model,Stony/Metallic,0.0007945294524651259,0.9207520074684122,0.08814357861912347,0.06006864988558347,0.6814863978367118,-0.0009706140056184913,0.0001353924794208273,4.035475969491936,0.02019963572474953,2.8,0.4,,,Not Calculated (Bulk density is a placeholder/model estimate),0.0,0.0007359720290759427,0.0,0.0,0.17618005458609448,0.00704639693632145,0.1660472240239226,0.17897772277351975,0.2137216088331313,0.008356382543959434,0.20666946702263225,0.2217412636176753,0.0,0.0,0.0,0.0,0.0,0.0012965594642920851,0.0,0.0,0.0,0.0,0.0,0.0,0.15899024941662207,0.01017518757048236,0.16082596650491862,0.17938183699645008,0.2183349062806366,0.006053145825612007,0.2085163106295453,0.219221012770769,0.0,0.0032656558154142475,0.0,0.0,0.0,0.005177526303020774,0.0,0.0,0.0,0.002124147595833106,0.0,0.0,0.23277318088351553,0.006270556833331506,0.2202934304132247,0.23257640293921683,,,,,,,,,,,,,,,,,,,,,,,,,,,,
6053 (1993 BW3),Analyzed,None,Sq,NEOWISE Diameter-Porosity Model,Stony/Metallic,0.0008767786893101858,0.9255402919572512,0.11030224843346847,0.08348029274314428,0.7568321945268186,-0.0010102907688563701,0.00016579745295798535,4.149888215504246,0.09867980802364708,2.8,0.4,,,Not Calculated (Bulk density is a placeholder/model estimate),0.0,0.00474969068925995,0.0,0.0,0.11194647566043713,0.03231124153349604,0.09241831897939759,0.12489589360675651,0.2217541897253748,0.013133097428404406,0.20857091033233688,0.2305654006392968,0.0,0.0,0.0,0.0,0.0,0.0018116732506019803,0.0,0.0,0.0,0.0,0.0,0.0,0.15983206661545868,0.020742361817544783,0.15990642130051042,0.18922288565001447,0.23359085357086037,0.022113725357346188,0.2175107866921585,0.23865721282662883,0.02567609258677703,0.017227969914410186,0.0,0.039455444158835756,0.0,0.007442899647906252,0.0,0.0,0.0,0.003161001681489757,0.0,0.006055869399281897,0.24720032184109203,0.02130842668265426,0.23076815949667667,0.25033507122108295,,,,,,,,,,,,,,,,,,,,,,,,,,,,
6611 (1993 VW),Analyzed,None,V,NEOWISE Diameter-Porosity Model,Stony/Metallic,0.0020500539322037222,1.0903003184258566,0.21836953345670596,0.28562597161740777,1.3079936889366304,-6.481156103390966e-05,0.0006051294627422666,4.236202893508782,0.09626456474178295,2.8,0.4,,,Not Calculated (Bulk density is a placeholder/model estimate),0.0,0.0065837048703482936,0.0,0.008012583208070958,0.05056280371837878,0.029129875053454116,0.0,0.06823461399048195,0.1474881413165674,0.037091116682556484,0.12756463578779254,0.20077857688273587,0.0,0.0008582958561459516,0.0,0.0,0.0,0.002904246195066719,0.0,0.005805359449895807,0.0,0.0012764290674197112,0.0,0.0,0.17701172779559407,0.0514077034641727,0.15784277328319152,0.2420446504723246,0.18733149698285975,0.017391702058971583,0.15997749094828573,0.19243283215622017,0.04692355744546372,0.02555368555149082,0.023386463696981656,0.06998164092563673,0.18058202413823982,0.01849041276693131,0.15143749747508833,0.1817293723821438,0.014579875908339184,0.010927732924518294,0.011053280010491695,0.03210255060001688,0.1955203726945573,0.018916550912270118,0.1631038052376456,0.19788653098703957,,,,,,,,,,,,,,,,,,,,,,,,,,,,
151 Abundantia (A875 VA),Analyzed,None,Sl,NEOWISE Diameter-Porosity Model,Stony/Metallic,0.0008516668005597388,0.7987069933792146,0.09438721587306054,0.0,0.0,-0.000985697866442557,0.00018553971086095875,4.093907694630321,0.022108574088627077,2.8,0.4,,,Not Calculated (Bulk density is a placeholder/model estimate),0.006796350896619934,0.008011834577197568,0.0,0.014760615749460653,0.1423294266676376,0.0069311103060562115,0.13120893107174186,0.14492831389605557,0.21490577595828897,0.007578234312654167,0.20542338937387522,0.21976379732963303,0.0,0.0,0.0,0.0,0.0,0.002126282108685754,0.0,0.0,0.0,0.0,0.0,0.0,0.16451783902129113,0.010125274248058556,0.1659962613829606,0.1846552025305104,0.2154119006180245,0.005728906286839579,0.2025503521406307,0.2135988254467709,0.0,0.010299773868254543,0.0,0.020163335771010406,0.028178873520538345,0.009694848041359394,0.020060066853199894,0.03867474387170432,0.0,0.002958509014512582,0.0,0.005505103197244111,0.2278598333175994,0.006280074262187023,0.21498109295336928,0.2270813898447082,,,,,,,,,,,,,,,,,,,,,,,,,,,,
39 Laetitia (A856 CA),Analyzed,None,S,SiMDA Substring Match,Stony/Metallic,0.0008289957577994221,0.9291312408435636,0.15259094165406362,0.0,0.0,-0.0009668981813774236,0.0001958561818397782,4.038646358375729,0.023005339572625627,2.47,0.63,0.3884089418036122,0.1535545510587989,Valid,0.0,0.0,0.0,0.0,0.17515382996218806,0.006278291743064421,0.16604957991976338,0.17731921693723152,0.21644690171961908,0.008900370899210917,0.20551323833583665,0.22387690889055747,0.0,0.0,0.0,0.0,0.0,0.001993400425323582,0.0,0.0,0.0,0.0,0.0,0.0,0.15954759147612704,0.010696629116149449,0.1594457241546598,0.18176176924283735,0.21701903466934427,0.006190487292799247,0.2088448396148951,0.22018703333272543,0.0,0.0017026156454005654,0.0,0.0,0.0,0.0005013764318402616,0.0,0.0,0.0,0.0021268616337005463,0.0,0.0,0.23183264217272148,0.0057302411351606315,0.22124549326474058,0.23197510403628996,,,,,,,,,,,,,,,,,,,,,,,,,,,,
192 Nausikaa (A879 DA),Analyzed,None,Sl,SiMDA Substring Match,Stony/Metallic,0.0006775749188340828,1.094858332479144,0.11697364775196506,0.04926739157815185,0.4211836813247042,-0.0010698431712706936,0.0002535770143746766,4.448264509605785,0.07346985275220826,4.64,1.17,,0.1581181983168405,Unconstrained (Measured bulk density exceeds grain density),0.0,0.002169936460436847,0.0,0.0,0.0,0.02220279542835783,0.0,0.05390184394957077,0.24862781834059222,0.015073476252046412,0.227061300044562,0.2557079859213323,0.0,0.0,0.0,0.0,0.0,0.0015635366494523547,0.0,0.0,0.0,0.0,0.0,0.0,0.1620192614948596,0.01904331876401123,0.16542448625003725,0.20338805476569327,0.27771159561046177,0.015250735192906375,0.2382865211732304,0.265631869080512,0.014706097289038489,0.014396938175295639,0.0,0.034061336051077126,0.0,0.004909081450213363,0.0,0.0008422665392774422,0.0,0.003369443846377572,0.0,0.005399519442851415,0.29693522726504795,0.017580603502827356,0.25161819240816813,0.28249011800493373,,,,,,,,,,,,,,,,,,,,,,,,,,,,
4954 Eric (1990 SQ),Analyzed,None,S,NEOWISE Diameter-Porosity Model,Stony/Metallic,0.0007754518739793947,0.8972791282778095,0.08821672329294339,0.054924644061103756,0.6226103397505955,-0.0009893744574870538,0.0001682758766289195,4.033785899208698,0.020989867834269305,2.8,0.4,,,Not Calculated (Bulk density is a placeholder/model estimate),0.0,0.0007603581406591181,0.0,0.0,0.1776085869976768,0.006422842952535521,0.16878493580747778,0.18117896027837482,0.21315553061903342,0.008902325787110924,0.20089421276366295,0.2180652167188493,0.0,0.0,0.0,0.0,0.0,0.0020743119931449297,0.0,0.0,0.0,0.0,0.0,0.0,0.1576436540793588,0.010769290106984745,0.16023860324703315,0.18043052406750404,0.21864341727808992,0.0066180476063303255,0.20403862916036922,0.21748794120222686,0.0,0.004178576068460209,0.0,0.0,0.0,0.009441337623276735,0.0,0.015381816866155876,0.0,0.002850521632033213,0.0,0.005317961887519255,0.232948811025841,0.007953015922425402,0.2164014831309915,0.23345879289262642,,,,,,,,,,,,,,,,,,,,,,,,,,,,
237 Coelestina (A884 MA),Analyzed,None,S,NEOWISE Diameter-Porosity Model,Stony/Metallic,0.0007614669004621012,0.8612864040262285,0.0801693631882312,0.0794121387467015,0.9905546905773494,-0.0009536675837109091,0.0001622285168094121,4.030397629163494,0.01905689418722712,2.8,0.4,,,Not Calculated (Bulk density is a placeholder/model estimate),0.0,0.0008710814033364398,0.0,0.0,0.17950919537531185,0.006019554641967165,0.17167051798050598,0.18248107412576683,0.2138020873600315,0.007714464946016779,0.2019216645425023,0.21717096229147195,0.0,0.0,0.0,0.0,0.0,0.0016580333483717125,0.0,0.0,0.0,0.0,0.0,0.0,0.1569240277376728,0.010102471739170265,0.16114322629912484,0.17969538203069196,0.21793406564170403,0.006387853993145898,0.20354213671082136,0.2157634829053835,0.0,0.003909262357781003,0.0,0.0,0.0,0.010168693006755599,0.0,0.019720514999555076,0.0,0.0019380522322109137,0.0,0.0,0.23183062388527978,0.007111497840539894,0.21481948688036853,0.2307151106354504,,,,,,,,,,,,,,,,,,,,,,,,,,,,
52 Europa (A858 CA),Analyzed,None,C,SiMDA Substring Match,Primitive/Aqueous,0.00042840370078993774,0.8032027263036537,0.02794711575097153,0.0,0.0,-0.0005070214791136009,0.0001354670183237834,2.3583458158824095,0.0045609124024537095,1.52,0.39,0.35548044321427485,0.14732611290797915,Valid,,,,,,,,,,,,,,,,,,,,,,,,,,,,,,,,,,,,,,,,,,,,,,,,,0.0,0.0,0.0,0.0,0.0,0.0,0.0,0.0,0.21207722326304815,0.003408101003610416,0.20939139275281657,0.2153021499394952,0.21094025961339047,0.0032883678845709884,0.20825343812819083,0.2143520135649211,0.1977105195335949,0.003449110075504232,0.19395082045676695,0.2012931760329014,0.20113199921611355,0.003031389080094052,0.19805856407189043,0.20397120301035676,0.17813999837385294,0.0032200214941927666,0.1750661893576257,0.18179337402822793
90 Antiope (A866 TA),Excluded,Excessive bulk density uncertainty (> 50% relative error: 1.31 +/- 0.77 g/cm3),C,SiMDA Substring Match,N/A,,,,,,,,,,1.31,0.77,,,Excluded,,,,,,,,,,,,,,,,,,,,,,,,,,,,,,,,,,,,,,,,,,,,,,,,,,,,,,,,,,,,,,,,,,,,,,,,,,,,
45 Eugenia (A857 MA),Analyzed,None,C,SiMDA Substring Match,Primitive/Aqueous,0.0004013663261555566,0.7033394365629929,0.04900308085798988,0.0,0.0,-0.00047541095512423307,0.00014222370414145174,2.3600722751001273,0.004556411146265061,1.34,0.29,0.4322207780932684,0.11996131795393183,Valid,,,,,,,,,,,,,,,,,,,,,,,,,,,,,,,,,,,,,,,,,,,,,,,,,0.0,0.0,0.0,0.0,0.0,0.0005529725841250224,0.0,0.0,0.21075518560387962,0.0032780743013875032,0.20741927110215858,0.2141865020353401,0.20985498532827104,0.0035257967410244873,0.2069662326855307,0.21398123597487329,0.19785378262092443,0.003300309852865172,0.19391671630900859,0.20115655931211535,0.2011974647119466,0.00301640108096376,0.198103300280827,0.2038469987918962,0.18033858173497833,0.0036351258165465993,0.1767793407249045,0.18321347142168917
1300 Marcelle (1934 CL),Excluded,"Featureless spectrum lacking diagnostic absorption bands (Band I depth = 0.0000 < 0.0150, Band II depth = 0.0000 < 0.0150)",Cg,NEOWISE Diameter-Porosity Model,N/A,,,,,,,,,,2.8,0.4,,,Excluded,,,,,,,,,,,,,,,,,,,,,,,,,,,,,,,,,,,,,,,,,,,,,,,,,,,,,,,,,,,,,,,,,,,,,,,,,,,,
1494 Savo (1938 SJ),Analyzed,None,Sa,NEOWISE Diameter-Porosity Model,Stony/Metallic,0.0008269449119570173,1.0727476311922495,0.18725347726800912,0.05361471046066124,0.2863215745997841,-0.0009753944175346717,0.00017236032941676634,4.0575052567635215,0.020886705800561605,2.8,0.4,,,Not Calculated (Bulk density is a placeholder/model estimate),0.0,0.0013425199877094703,0.0,0.0,0.16376690393887688,0.0064287417818531135,0.15268223493054192,0.16461226853938138,0.2088036795206188,0.008161329047914155,0.20150393219261958,0.21650712426629853,0.0,0.0,0.0,0.0,0.0,0.0013462967468309656,0.0,0.0,0.0,0.0,0.0,0.0,0.1626649484343731,0.009338589324815025,0.16364714686509751,0.1796943502515392,0.21154030449098804,0.005979725784355614,0.20256046442185024,0.2140600025333973,0.0,0.006403895491415762,0.0,0.010311008621390103,0.029336028738599862,0.008082303536007461,0.02103438421934957,0.0359754886834752,0.0,0.00276998557965564,0.0,0.0008245218009851513,0.2238881348765433,0.007367774938204288,0.2126441231908035,0.22534180866126602,,,,,,,,,,,,,,,,,,,,,,,,,,,,
9400 (1994 TW1),Analyzed,None,Sr,NEOWISE Diameter-Porosity Model,Stony/Metallic,0.0007666443584389169,0.9607393442941783,0.11877215170109445,0.08313177844060626,0.6999265168641399,-0.0008598999154252675,0.00016741584041812726,4.028666874730706,0.016836735012736973,2.8,0.4,,,Not Calculated (Bulk density is a placeholder/model estimate),0.0,0.010467434994642233,0.0,0.02133210220743758,0.1607593484982002,0.005356722832077408,0.15101723866602698,0.16108190835439803,0.19265530208897755,0.006444056263140168,0.1824430699938744,0.19516407438477237,0.0,0.0,0.0,0.0,0.0,0.001062341050141777,0.0,0.0,0.0,0.0,0.0,0.0,0.1533428858685259,0.007967608053395955,0.15018960413780758,0.16495419729236177,0.19123462203025135,0.006508606414368428,0.18249056426265892,0.19513743177258114,0.04194844325893139,0.010290603752982134,0.038521683472385146,0.05478897634667399,0.06026784175484042,0.012318271456311413,0.04517706581425007,0.06837717010955108,0.0,0.0024095561197543104,0.0,0.0,0.19979155650027322,0.007372572508035428,0.1905186773888125,0.20411888884583151,,,,,,,,,,,,,,,,,,,,,,,,,,,,
3317 Paris (1984 KF),Excluded,"Featureless spectrum lacking diagnostic absorption bands (Band I depth = 0.0000 < 0.0150, Band II depth = 0.0000 < 0.0150)",T,NEOWISE Diameter-Porosity Model,N/A,,,,,,,,,,2.8,0.4,,,Excluded,,,,,,,,,,,,,,,,,,,,,,,,,,,,,,,,,,,,,,,,,,,,,,,,,,,,,,,,,,,,,,,,,,,,,,,,,,,,
1406 Komppa (1936 RF),Excluded,"Featureless spectrum lacking diagnostic absorption bands (Band I depth = 0.0000 < 0.0150, Band II depth = 0.0000 < 0.0150)",Ld,NEOWISE Diameter-Porosity Model,N/A,,,,,,,,,,2.8,0.4,,,Excluded,,,,,,,,,,,,,,,,,,,,,,,,,,,,,,,,,,,,,,,,,,,,,,,,,,,,,,,,,,,,,,,,,,,,,,,,,,,,
34 Circe (A855 GA),Excluded,Albedo too low for spectral feature discrimination (Albedo = 0.0230 < 0.03),Ch,SiMDA Substring Match,N/A,,,,,,,,,,4.83,0.63,,,Excluded,,,,,,,,,,,,,,,,,,,,,,,,,,,,,,,,,,,,,,,,,,,,,,,,,,,,,,,,,,,,,,,,,,,,,,,,,,,,
57 Mnemosyne (A859 SA),Excluded,Unphysical bulk density exceeding solid iron limit (Bulk_Density = 16.62 g/cm3 > 8.0 g/cm3),S,SiMDA Substring Match,N/A,,,,,,,,,,16.62,3.73,,,Excluded,,,,,,,,,,,,,,,,,,,,,,,,,,,,,,,,,,,,,,,,,,,,,,,,,,,,,,,,,,,,,,,,,,,,,,,,,,,,
43 Ariadne (A857 GA),Excluded,Unphysical bulk density exceeding solid iron limit (Bulk_Density = 8.99 g/cm3 > 8.0 g/cm3),Sk,SiMDA Substring Match,N/A,,,,,,,,,,8.99,2.57,,,Excluded,,,,,,,,,,,,,,,,,,,,,,,,,,,,,,,,,,,,,,,,,,,,,,,,,,,,,,,,,,,,,,,,,,,,,,,,,,,,
61 Danae (A860 RC),Excluded,Unphysical bulk density exceeding solid iron limit (Bulk_Density = 9.81 g/cm3 > 8.0 g/cm3),S,SiMDA Substring Match,N/A,,,,,,,,,,9.81,9.49,,,Excluded,,,,,,,,,,,,,,,,,,,,,,,,,,,,,,,,,,,,,,,,,,,,,,,,,,,,,,,,,,,,,,,,,,,,,,,,,,,,
512 Taurinensis (A903 MC),Analyzed,None,S,NEOWISE Diameter-Porosity Model,Stony/Metallic,0.001545858292828924,1.2047184383198823,0.18182932059057777,0.033485278732625745,0.1841577509274427,-0.0008493136620546616,0.00038133443915821196,4.072830601045381,0.06528608570117242,2.8,0.4,,,Not Calculated (Bulk density is a placeholder/model estimate),0.013999672741527905,0.013165159097702288,0.013015340803398532,0.03806169551709339,0.0,0.01849198680910295,0.0,0.03816468537978069,0.15813812581356732,0.024001101968963306,0.14561135623251428,0.19305383699925768,0.0,0.0,0.0,0.0,0.0,0.0018300514280810024,0.0,0.0,0.0,0.0006861131752920137,0.0,0.0,0.19457201707316435,0.0345559793071821,0.15498124958132445,0.21999906504117392,0.19227778139989443,0.01590086463512272,0.17092283335615746,0.20224341111002983,0.22058996331666977,0.02524279271348057,0.1802458254781133,0.21523730421475212,0.0,0.0006638033933965652,0.0,0.0,0.030395438537006422,0.010174963739320557,0.020189668933491414,0.03952860175167229,0.19002700111816964,0.017302952703594724,0.16805300917068086,0.201772351154462,,,,,,,,,,,,,,,,,,,,,,,,,,,,
99 Dike (A868 KA),Excluded,"Featureless spectrum lacking diagnostic absorption bands (Band I depth = 0.0005 < 0.0150, Band II depth = 0.0000 < 0.0150)",Xk,SiMDA Substring Match,N/A,,,,,,,,,,2.23,1.08,,,Excluded,,,,,,,,,,,,,,,,,,,,,,,,,,,,,,,,,,,,,,,,,,,,,,,,,,,,,,,,,,,,,,,,,,,,,,,,,,,,
10 Hygiea (A849 GA),Excluded,"Featureless spectrum lacking diagnostic absorption bands (Band I depth = 0.0000 < 0.0150, Band II depth = 0.0000 < 0.0150)",C,SiMDA Substring Match,N/A,,,,,,,,,,2.19,0.42,,,Excluded,,,,,,,,,,,,,,,,,,,,,,,,,,,,,,,,,,,,,,,,,,,,,,,,,,,,,,,,,,,,,,,,,,,,,,,,,,,,
279 Thule (A888 UA),Excluded,"Featureless spectrum lacking diagnostic absorption bands (Band I depth = 0.0120 < 0.0150, Band II depth = 0.0000 < 0.0150)",X,NEOWISE Diameter-Porosity Model,N/A,,,,,,,,,,2.8,0.4,,,Excluded,,,,,,,,,,,,,,,,,,,,,,,,,,,,,,,,,,,,,,,,,,,,,,,,,,,,,,,,,,,,,,,,,,,,,,,,,,,,
908 Buda (A918 WD),Excluded,"Featureless spectrum lacking diagnostic absorption bands (Band I depth = 0.0017 < 0.0150, Band II depth = 0.0000 < 0.0150)",L,NEOWISE Diameter-Porosity Model,N/A,,,,,,,,,,2.8,0.4,,,Excluded,,,,,,,,,,,,,,,,,,,,,,,,,,,,,,,,,,,,,,,,,,,,,,,,,,,,,,,,,,,,,,,,,,,,,,,,,,,,
56 Melete (A857 RB),Excluded,"Featureless spectrum lacking diagnostic absorption bands (Band I depth = 0.0000 < 0.0150, Band II depth = 0.0000 < 0.0150)",Xk,SiMDA Substring Match,N/A,,,,,,,,,,6.0,1.31,,,Excluded,,,,,,,,,,,,,,,,,,,,,,,,,,,,,,,,,,,,,,,,,,,,,,,,,,,,,,,,,,,,,,,,,,,,,,,,,,,,
114 Kassandra (A871 OA),Analyzed,None,Xk,SiMDA Substring Match,Primitive/Aqueous (Auto-AIC),0.00041783287762635373,0.7990996577429377,0.04735794304224605,0.0,0.0,-0.0005125836722640329,0.00013033605736623147,2.358363197245065,0.0046783361255503045,2.62,1.19,,0.2916577425898199,Unconstrained (Measured bulk density exceeds grain density),,,,,,,,,,,,,,,,,,,,,,,,,,,,,,,,,,,,,,,,,,,,,,,,,0.0,0.0,0.0,0.0,0.0,0.0,0.0,0.0,0.21201292279327208,0.003493650971718388,0.20833502255284597,0.2155575247382939,0.21090710647458114,0.003226349565691903,0.20792267937521874,0.2141544515801497,0.1977269440099213,0.0033396411952175235,0.194119368249567,0.2008294458936573,0.2011655795764284,0.003253742882267934,0.19800921656521805,0.20483007739481252,0.17818744714579718,0.0033542459953224022,0.17519569524348638,0.18158225031999328
1143 Odysseus (1930 BH),Excluded,"Featureless spectrum lacking diagnostic absorption bands (Band I depth = 0.0000 < 0.0150, Band II depth = 0.0000 < 0.0150)",D,NEOWISE Diameter-Porosity Model,N/A,,,,,,,,,,2.8,0.4,,,Excluded,,,,,,,,,,,,,,,,,,,,,,,,,,,,,,,,,,,,,,,,,,,,,,,,,,,,,,,,,,,,,,,,,,,,,,,,,,,,
2062 Aten (1976 AA),Analyzed,None,Sr,SiMDA Substring Match,Stony/Metallic,0.0007821008659316361,0.9789535062793762,0.2161187177174716,0.021423367425045803,0.099127774083188,-0.0008920723403771681,0.0001732157564646056,4.029463245267423,0.021484455359313256,1.15,0.32,0.7146021864448902,0.08138722885812621,Valid,0.021813868047556098,0.011450831390125156,0.0,0.02991611695766508,0.16333864287815142,0.006132113997649089,0.15362943460746764,0.16544339155681506,0.20538282423842696,0.008022809206251875,0.19643840684401329,0.21272262651781484,0.0,0.0,0.0,0.0,0.0,0.0017862487472574396,0.0,0.0,0.0,0.0,0.0,0.0,0.15869533087015344,0.008724988090952223,0.15610936431575587,0.17433891527858328,0.20805792352487137,0.006397673323927795,0.19775929126369557,0.2115223559452461,0.0,0.009802144053745859,0.0,0.0204295211917943,0.022741089734174703,0.012772245263385922,0.013658800957342829,0.036889045528781944,0.0,0.0029386178544335583,0.0,0.005703748812289895,0.21997032070666608,0.006909308557065908,0.2077922145385533,0.22194531209695476,,,,,,,,,,,,,,,,,,,,,,,,,,,,
2246 Bowell (1979 XH),Excluded,"Featureless spectrum lacking diagnostic absorption bands (Band I depth = 0.0000 < 0.0150, Band II depth = 0.0000 < 0.0150)",D,NEOWISE Diameter-Porosity Model,N/A,,,,,,,,,,2.8,0.4,,,Excluded,,,,,,,,,,,,,,,,,,,,,,,,,,,,,,,,,,,,,,,,,,,,,,,,,,,,,,,,,,,,,,,,,,,,,,,,,,,,
16 Psyche (A852 FA),Excluded,"Featureless spectrum lacking diagnostic absorption bands (Band I depth = 0.0000 < 0.0150, Band II depth = 0.0000 < 0.0150)",X,Radar / GM Measurement,N/A,,,,,,,,,,4.049,0.0,,,Excluded,,,,,,,,,,,,,,,,,,,,,,,,,,,,,,,,,,,,,,,,,,,,,,,,,,,,,,,,,,,,,,,,,,,,,,,,,,,,
4183 Cuno (1959 LM),Analyzed,None,Sq,NEOWISE Diameter-Porosity Model,Stony/Metallic,0.0007945671428933868,0.9196328793174338,0.18389231963909314,0.04275752773375607,0.23251393977558144,-0.0009919322380841614,0.00020568952849135764,4.032887203574344,0.022711107252512713,2.8,0.4,,,Not Calculated (Bulk density is a placeholder/model estimate),0.0,0.0,0.0,0.0,0.1731246018901097,0.006467992622157983,0.16298293017106627,0.1764969895542827,0.2099568210046175,0.008871348772427455,0.20014939618375918,0.21745670947816675,0.0,0.0,0.0,0.0,0.0,0.001694885520230937,0.0,0.0,0.0,0.0,0.0,0.0,0.16310818996641324,0.011383866680676381,0.16085556736815182,0.18160207942444995,0.21422940247751737,0.007154189894030218,0.20373211107629366,0.21803855226150348,0.0,0.004281838697821407,0.0,0.0,0.0,0.008233662773727517,0.0,0.011359666491640061,0.011226557428203571,0.004568050580500521,0.007249856758009041,0.015481878967434162,0.2283544272331387,0.007799003933819753,0.21532871740785303,0.22945975630494783,,,,,,,,,,,,,,,,,,,,,,,,,,,,
345 Tercidina (A892 WB),Analyzed,None,Ch,SiMDA Substring Match,Primitive/Aqueous,0.0004818155191785482,0.8074077479832782,0.016856166017333085,0.0,,-0.0005844155785427569,0.00012131374474092042,2.35644767715354,0.004580811927724734,5.3,2.37,,0.21998118455516186,Unconstrained (Measured bulk density exceeds grain density),,,,,,,,,,,,,,,,,,,,,,,,,,,,,,,,,,,,,,,,,,,,,,,,,0.0,0.0,0.0,0.0,0.0,0.0,0.0,0.0,0.2138234216169509,0.0029951506353714298,0.21055150435428682,0.21646783399188357,0.2124921796360689,0.0030867866402637368,0.2094918516005272,0.21580999437749648,0.19447096828934501,0.0028894113171391684,0.19118282536885656,0.1972843917972629,0.20110054951695852,0.003405741240641919,0.19802368850674062,0.20482001859280502,0.1781128809406767,0.003150840774978861,0.17533702915465074,0.18166170661836017
371 Bohemia (A893 OA),Analyzed,None,S,NEOWISE Diameter-Porosity Model,Stony/Metallic,0.0007789591816481684,0.9065279758360331,0.06800488354024958,0.0,0.0,-0.0009428545881174343,0.0001652512505137984,4.036202264227165,0.021498097778545444,2.8,0.4,,,Not Calculated (Bulk density is a placeholder/model estimate),0.0,0.0018357891163616152,0.0,0.0,0.17676685593675948,0.006198033576455771,0.16708042671755474,0.17937186608760736,0.21289310550663937,0.009173774633738889,0.2021833196051209,0.221134194203885,0.0,0.0,0.0,0.0,0.0,0.001268930992387599,0.0,0.0,0.0,0.0,0.0,0.0,0.1567967490535399,0.011218879290276847,0.15851869681653233,0.17981327470868616,0.21973381704929004,0.006669590906823421,0.20561768694626337,0.2184325984749207,0.0,0.0059337590756927665,0.0,0.00893231702229039,0.0,0.009493007781665041,0.0,0.01807388559401206,0.0,0.0024723019464900297,0.0,0.0,0.2338094724537712,0.006915799201625666,0.21731013045836992,0.23138332452006172,,,,,,,,,,,,,,,,,,,,,,,,,,,,
4341 Poseidon (1987 KF),Analyzed,None,O,NEOWISE Diameter-Porosity Model,Stony/Metallic,0.0018823616761424829,0.8209830363091939,0.10390191824224271,0.06321817067565505,0.6084408425286691,-0.000544723889921806,0.00032833300953956715,3.9463448411098963,0.037201507765143346,2.8,0.4,,,Not Calculated (Bulk density is a placeholder/model estimate),0.014345975715217441,0.013296164413728145,0.0,0.026587705287892387,0.1542961444723655,0.014724221718598256,0.1353443291400697,0.16186645177098527,0.17457880261144723,0.015381373470908203,0.16563639841039915,0.19447375601318428,0.0,0.0,0.0,0.0,0.0,0.002238202399872727,0.0,0.0,0.0,0.0008176562832515478,0.0,0.0,0.20325195724569195,0.02086663279593648,0.1856735750765752,0.22646735548820404,0.1827165638298382,0.0104925529303475,0.1672275909347372,0.1875923858130376,0.03417640695946542,0.026796079528136785,0.018632079911626527,0.06873517604394087,0.017220451968366714,0.018549037469759222,0.0,0.040147634872248435,0.028133177656269895,0.008573473747077119,0.02059822658893255,0.03882305200549615,0.19128051954133762,0.01117001029534717,0.17390107586063522,0.194875275759314,,,,,,,,,,,,,,,,,,,,,,,,,,,,
65679 (1989 UQ),Analyzed,None,B,NEOWISE Diameter-Porosity Model,Primitive/Aqueous,0.00042791189207131623,0.7553342545941493,0.029508130410160982,0.01854883285853981,0.6286007483602759,-0.00045907390339115415,0.00013016872941936609,2.3592481029230044,0.004968757900775464,2.8,0.4,,,Not Calculated (Bulk density is a placeholder/model estimate),,,,,,,,,,,,,,,,,,,,,,,,,,,,,,,,,,,,,,,,,,,,,,,,,0.0,0.0,0.0,0.0,0.0,0.0,0.0,0.0,0.21121969714088842,0.0033368381421013424,0.20814619372134688,0.21514026154990817,0.21049894677216358,0.003447359251422613,0.20712920565150117,0.21410751848834617,0.1977153608948894,0.0032839530748786645,0.19434788099011005,0.20090558761773702,0.20119601778095306,0.0034059619704266296,0.19779814069771257,0.20447646093386695,0.17936997741110558,0.003670127940743175,0.17538147503766674,0.1832531864832102
85989 (1999 JD6),Analyzed,None,K,NEOWISE Diameter-Porosity Model,Stony/Metallic,0.0007255622555841035,0.9788047588906368,0.03733630537754262,0.008942558746736218,0.23951375628385205,-0.0011372213343238144,0.00023780263650041058,4.362796780900422,0.031198275209687546,2.8,0.4,,,Not Calculated (Bulk density is a placeholder/model estimate),0.0,0.0030441535522933083,0.0,0.0,0.016702026764917034,0.010519073018786615,0.012971541061030845,0.03405586838954727,0.25043530904000644,0.00822105090534522,0.24178852388449554,0.25628192918356646,0.0,0.0,0.0,0.0,0.0,0.0018035178626160029,0.0,0.0,0.0,0.0,0.0,0.0,0.18304618779382667,0.010834245311915276,0.18178454715417178,0.20376984797599318,0.250588891596557,0.0061958290397466425,0.23832616715585372,0.251793980665747,0.02765866452541598,0.013528408727710856,0.004935656984954464,0.03470611487558731,0.0,0.00045270399544959487,0.0,0.0,0.0,0.0036552167652651527,0.0,0.006490277951318382,0.27156892027927687,0.00728463863369037,0.2577033116880161,0.2727081615876079,,,,,,,,,,,,,,,,,,,,,,,,,,,,
776 Berbericia (A914 BE),Excluded,Excessive bulk density uncertainty (> 50% relative error: 1.18 +/- 1.46 g/cm3),Cgh,SiMDA Substring Match,N/A,,,,,,,,,,1.18,1.46,,,Excluded,,,,,,,,,,,,,,,,,,,,,,,,,,,,,,,,,,,,,,,,,,,,,,,,,,,,,,,,,,,,,,,,,,,,,,,,,,,,
1862 Apollo (1932 HA),Analyzed,None,Q,NEOWISE Diameter-Porosity Model,Stony/Metallic,0.000773746595183325,0.9513641085538107,0.24127795749417358,0.0,0.0,-0.0008805673351090381,0.00021819213315568548,4.270896431471704,0.03627542459004314,2.8,0.4,,,Not Calculated (Bulk density is a placeholder/model estimate),0.0,0.0,0.0,0.0,0.06507032759290055,0.008594924168889318,0.05493148191513049,0.070731674127782,0.17729981625585248,0.011395705409556648,0.16820819702539397,0.18901144490899038,0.0,0.0,0.0,0.0,0.0,0.0011730507797963325,0.0,0.0,0.0,0.0,0.0,0.0,0.14094335643788436,0.015091218378347048,0.13690985016890214,0.1658451378633722,0.18607724805791265,0.007263973384673133,0.17485322978383142,0.18902464714914183,0.045207252579141786,0.01028466524378436,0.03899104915657838,0.05799010671451264,0.1794098441776116,0.007176916370165173,0.16876093450720434,0.1829515415962708,0.011710793216828037,0.0056551098813568965,0.006690644249059349,0.016826744414282727,0.19428136168186852,0.007217473846385529,0.18157165732580646,0.19691919381560435,,,,,,,,,,,,,,,,,,,,,,,,,,,,
3628 Boznemcova (1979 WD),Analyzed,None,O,NEOWISE Diameter-Porosity Model,Stony/Metallic,0.001834265707905431,1.0797355699316398,0.3532786583796109,0.2072557836694,0.5866637532536597,-0.0010937106195082421,0.0004539804391735121,4.068373711952045,0.04899404816818132,2.8,0.4,,,Not Calculated (Bulk density is a placeholder/model estimate),0.0,0.0013467285026975905,0.0,0.0,0.14079764787904211,0.019910281759204028,0.12464976814683887,0.14945200268953443,0.1900152190989201,0.018074162637882578,0.17784154383140388,0.21152002684678173,0.0,0.00042345863689210967,0.0,0.0,0.0,0.003604256577923065,0.0,0.0065798609769884215,0.0,0.001130566855848218,0.0,0.0,0.171253968990344,0.0269036627670071,0.16184811007967828,0.21086233006795024,0.19406281602154304,0.011383928046371552,0.17673782609565963,0.19961107000472933,0.0,0.01046475470135658,0.0,0.0,0.0,0.0019512292890327264,0.0,0.0,0.09682115153766963,0.013266061038289862,0.08141831624241905,0.10785294854803686,0.207049196472481,0.01337890777170437,0.1859768139257799,0.21065549237966213,,,,,,,,,,,,,,,,,,,,,,,,,,,,
1862 Apollo (1932 HA),Analyzed,None,Q,NEOWISE Diameter-Porosity Model,Stony/Metallic,0.0007702019939396811,0.9525932773699375,0.23780381490392988,0.043176142071164714,0.18156202451422992,-0.0008524518685707696,0.00019231407443033274,4.270921189737395,0.04247124332362831,2.8,0.4,,,Not Calculated (Bulk density is a placeholder/model estimate),0.0,0.0,0.0,0.0,0.06498680592578081,0.009669176748642368,0.056476242662020344,0.07233728420134707,0.17668975537995865,0.011581867159048933,0.1668221389399714,0.18901476079829813,0.0,0.0,0.0,0.0,0.0,0.0015602044006325277,0.0,0.0,0.0,0.0,0.0,0.0,0.1409039637586006,0.01490472399747134,0.13587534127898515,0.16426229424565814,0.18647682668528995,0.007124394479627816,0.17610370425435068,0.18950598909001368,0.04533754742491437,0.008990291806217049,0.039589175255429834,0.05729751249949846,0.1797986654334493,0.00820213916166457,0.16995106949600552,0.18221712790151898,0.011109860519100713,0.004986937268060404,0.006598392520699912,0.015590380856766445,0.19469657487290565,0.008426636958264193,0.181670869177916,0.19799825415737643,,,,,,,,,,,,,,,,,,,,,,,,,,,,
30 Urania (A854 OA),Analyzed,None,Sl,SiMDA Substring Match,Stony/Metallic,0.0007764738600800672,0.8969175631949334,0.08125170728746156,0.03413219859006156,0.4200797709924392,-0.0009751903811638532,0.00018639769945455153,4.033103573444413,0.02118843494541961,3.92,1.29,0.028043805814741085,0.20274241388569192,Valid,0.0,0.0010116810583688206,0.0,0.0,0.17778766660700443,0.006856180141953407,0.16865860094855373,0.1810291853890523,0.2132402337869486,0.007284124844178736,0.20199144576236697,0.2168044203588618,0.0,0.0,0.0,0.0,0.0,0.0015373486110494485,0.0,0.0,0.0,0.0,0.0,0.0,0.15774898453683406,0.010733164362016531,0.15899106828654927,0.1801749573640049,0.21852725785991486,0.007262838329477246,0.20497704259476643,0.21817935251876955,0.0,0.004986649820796626,0.0,0.0073430075585432285,0.0,0.009665970112420891,0.0,0.018437220905146514,0.0,0.00256418560600139,0.0,0.00518223414205725,0.232695857209298,0.006948448947321626,0.21754058597915166,0.2309687610014213,,,,,,,,,,,,,,,,,,,,,,,,,,,,
2107 Ilmari (1941 VA),Analyzed,None,S,NEOWISE Diameter-Porosity Model,Stony/Metallic,0.0007897939599672057,0.9149058473743918,0.11179597811849906,0.04139020057393605,0.37022978170166526,-0.0009574733682174457,0.00016138738658852072,4.03588156559057,0.01857035036456455,2.8,0.4,,,Not Calculated (Bulk density is a placeholder/model estimate),0.0,0.0029996653169782586,0.0,0.0,0.17503683177484705,0.006025868170969063,0.16505219445263836,0.17745572106782448,0.20774122004263015,0.007392389736478795,0.1996365879189843,0.21386977994379197,0.0,0.0,0.0,0.0,0.0,0.001872296740658038,0.0,0.0,0.0,0.0,0.0,0.0,0.16024679760995572,0.008943781286856177,0.161974436432171,0.1806228105705039,0.20807124568993787,0.005732951862025926,0.19942179897709775,0.21049657843186143,0.0,0.005102220431989737,0.0,0.006731420017806105,0.02873885567129028,0.009961222670942876,0.013817422162398977,0.03230552398707204,0.0,0.002655091168067697,0.0,0.005462890710363297,0.22016504921133895,0.006778260445416664,0.21162609052935685,0.22308148014970808,,,,,,,,,,,,,,,,,,,,,,,,,,,,
2100 Ra-Shalom (1978 RA),Analyzed,None,Xc,NEOWISE Diameter-Porosity Model,Primitive/Aqueous (Auto-AIC),0.0005223184164299915,0.791899629223493,0.051692403076744164,0.049449613558455896,0.9566127828308049,-0.00025442478012871505,9.39175452372553e-05,2.358277517945379,0.0048102781752193445,2.8,0.4,,,Not Calculated (Bulk density is a placeholder/model estimate),,,,,,,,,,,,,,,,,,,,,,,,,,,,,,,,,,,,,,,,,,,,,,,,,0.0,0.0,0.0,0.0,0.0,0.0,0.0,0.0,0.2124176998989065,0.00318223335233132,0.209991562467007,0.21599112469854237,0.21095726117897193,0.003692744671442415,0.20729526306307952,0.2146793302590307,0.1967761059372812,0.003430389538894733,0.19278847920222048,0.19973255744024457,0.20110666243624362,0.0034580674259620447,0.19768238442652217,0.2036699853015114,0.1787422705485967,0.0033800979917250106,0.17563046352051878,0.18243724843018147
73 Klytia (A862 GA),Analyzed,None,S,NEOWISE Diameter-Porosity Model,Stony/Metallic,0.000816305510462393,0.8624173248410703,0.04045874009673289,0.07059220813542888,1.7447950175079552,-0.0006353976779165252,0.00014415421197291087,3.8875848384563576,0.04275682672294418,2.8,0.4,,,Not Calculated (Bulk density is a placeholder/model estimate),0.12647647669200607,0.002166627524422928,0.12475883901249953,0.1265495960824895,0.1163826642417703,0.018645987294146037,0.11465869117680741,0.11645370170282718,0.12982430684057372,0.0036369675014293374,0.12923079877919835,0.13329973388259372,0.0,0.0,0.0,0.0,0.0,0.001284321128147589,0.0,0.0,0.0,0.0,0.0,0.0,0.11882484433021794,0.003436678519598732,0.11910822316440237,0.12181350029643154,0.12748236334920915,0.004923812292057029,0.12574746788613334,0.12771268034311503,0.12585177575941997,0.0019783642271629454,0.12357407318909341,0.12599293872491552,0.1275827976486385,0.004875543479706909,0.12607165013001706,0.12770545841078212,0.0,0.0029739029294624246,0.0,0.005783955946345056,0.1275747711381645,0.006023620117864641,0.12612075617707402,0.12778328878129205,,,,,,,,,,,,,,,,,,,,,,,,,,,,
2064 Thomsen (1942 RQ),Analyzed,None,S,NEOWISE Diameter-Porosity Model,Stony/Metallic,0.0008774819966153477,0.8450145365971627,0.17066261532861737,0.028119812114965392,0.1647684354351398,-0.0009733783181610615,0.0001840277467267354,4.1073816208900595,0.04084838701085522,2.8,0.4,,,Not Calculated (Bulk density is a placeholder/model estimate),0.0,0.0037540635637717374,0.0,0.0,0.13937999101011078,0.01372001557331607,0.12392403707969693,0.14080467808288002,0.21694269133369193,0.010100787689619728,0.20819743650205014,0.2271214139378348,0.0,0.0,0.0,0.0,0.0,0.0017834507287398118,0.0,0.0,0.0,0.0,0.0,0.0,0.16755210650827246,0.012072188540220621,0.16836402370246364,0.1907036230585736,0.21724764843921335,0.009178183698276606,0.20574225014386952,0.22073761630607533,0.0,0.00936354854698456,0.0,0.014676929119534185,0.029025309886771662,0.011103319730389775,0.011866895396505234,0.03316530834469374,0.0,0.0027664631135151264,0.0,0.005427230087445235,0.22985225282193972,0.00986127029478403,0.21818946371504327,0.23440431716366567,,,,,,,,,,,,,,,,,,,,,,,,,,,,
87 Sylvia (A866 KA),Excluded,"Featureless spectrum lacking diagnostic absorption bands (Band I depth = 0.0000 < 0.0150, Band II depth = 0.0000 < 0.0150)",X,SiMDA Substring Match,N/A,,,,,,,,,,1.31,0.15,,,Excluded,,,,,,,,,,,,,,,,,,,,,,,,,,,,,,,,,,,,,,,,,,,,,,,,,,,,,,,,,,,,,,,,,,,,,,,,,,,,
5604 (1992 FE),Analyzed,None,V,NEOWISE Diameter-Porosity Model,Stony/Metallic,0.0025554604451488738,1.1093050139428913,0.14048178046505655,0.3013343991570303,2.1450069764170183,0.00026510807710452113,0.0004591213827054314,4.084387437297661,0.07148536889093673,2.8,0.4,,,Not Calculated (Bulk density is a placeholder/model estimate),0.13860073684020413,0.01328020212459827,0.11825890072311983,0.14001409619219088,0.0,0.04154218044692202,0.0,0.10648344501867549,0.12306535417675932,0.01827347546708376,0.12221787518383445,0.15514440403943117,0.0,0.0007463968557589597,0.0,0.0,0.0,0.0031561599295876234,0.0,0.0,0.0,0.0005134244105791363,0.0,0.0,0.138073415950496,0.029538000699639026,0.12482495489267936,0.18367621472353246,0.15319955350401968,0.011545633094014825,0.12316061552935546,0.14728649059951351,0.13001476322615443,0.015233943346132381,0.1162160197011228,0.14436044981877846,0.15465188428192939,0.011032912737560303,0.12332828755588174,0.14514314643498047,0.007883116681782643,0.012804348429064265,0.011988911712078826,0.03440976534803682,0.15451117533865447,0.012694324578716061,0.12278257026431036,0.14616519378833678,,,,,,,,,,,,,,,,,,,,,,,,,,,,
82 Alkmene (A864 WA),Excluded,Excessive bulk density uncertainty (> 50% relative error: 1.68 +/- 0.86 g/cm3),Sq,SiMDA Substring Match,N/A,,,,,,,,,,1.68,0.86,,,Excluded,,,,,,,,,,,,,,,,,,,,,,,,,,,,,,,,,,,,,,,,,,,,,,,,,,,,,,,,,,,,,,,,,,,,,,,,,,,,
110 Lydia (A870 HA),Excluded,"Featureless spectrum lacking diagnostic absorption bands (Band I depth = 0.0000 < 0.0150, Band II depth = 0.0048 < 0.0150)",X,SiMDA Substring Match,N/A,,,,,,,,,,4.88,1.75,,,Excluded,,,,,,,,,,,,,,,,,,,,,,,,,,,,,,,,,,,,,,,,,,,,,,,,,,,,,,,,,,,,,,,,,,,,,,,,,,,,
119 Althaea (A872 GA),Analyzed,None,Sl,NEOWISE Diameter-Porosity Model,Stony/Metallic,0.0007789477656844893,0.9052467951801647,0.14503088071510206,0.03876606897124013,0.2672952738071832,-0.0009514600199695843,0.00015358781173013757,4.034932380823227,0.02013060444432253,2.8,0.4,,,Not Calculated (Bulk density is a placeholder/model estimate),0.0,0.0039535384198564815,0.0,0.0,0.17559769073717585,0.005955840491605955,0.16539638646768198,0.1778711373195046,0.2082587124777911,0.00800414354198209,0.19973258682307557,0.2145946841949911,0.0,0.0,0.0,0.0,0.0,0.0017262963488620094,0.0,0.0,0.0,0.0,0.0,0.0,0.15976637050088932,0.009542047265192108,0.16062322071647983,0.17791302513739823,0.20931553042624423,0.005279688233082977,0.20044948975592658,0.2100583148688995,0.0,0.007088984497116489,0.0,0.01119985353345233,0.02565479151557513,0.00777244032346268,0.01718783951208739,0.03061567966218525,0.0,0.002313538302158948,0.0,0.0,0.22140690434232443,0.00584600289797742,0.21070279718748658,0.22246953670068728,,,,,,,,,,,,,,,,,,,,,,,,,,,,
389 Industria (A894 EE),Excluded,Excessive bulk density uncertainty (> 50% relative error: 2.64 +/- 1.34 g/cm3),S,SiMDA Substring Match,N/A,,,,,,,,,,2.64,1.34,,,Excluded,,,,,,,,,,,,,,,,,,,,,,,,,,,,,,,,,,,,,,,,,,,,,,,,,,,,,,,,,,,,,,,,,,,,,,,,,,,,
2850 Mozhaiskij (1978 TM7),Analyzed,None,Ld,NEOWISE Diameter-Porosity Model,Stony/Metallic,0.0007758279877787073,0.8586608508538276,0.0,0.026733545719514695,,-0.0009240107831592725,0.00015526010117138692,3.989884976867599,0.02139751202102356,2.8,0.4,,,Not Calculated (Bulk density is a placeholder/model estimate),0.01647889610254996,0.009421296816607135,0.0,0.021522979008479375,0.17375714985885676,0.006186336945843751,0.16348440792556237,0.17483812503044477,0.19883527684495353,0.007799242194312483,0.19154282833955896,0.2043076705168617,0.0,0.0,0.0,0.0,0.0,0.0016388102775663509,0.0,0.0,0.0,0.0,0.0,0.0,0.15419793188536202,0.009037907634259733,0.1552838976263283,0.17425638592067666,0.20654200329161068,0.006434619023667601,0.19437529527917827,0.20646441063963494,0.024417763170765234,0.012631202759330629,0.021057560531104982,0.045989931639076415,0.008782152677673606,0.011517126391762951,0.0,0.02614595683244913,0.0,0.0016465125137248306,0.0,0.0,0.21698882616822818,0.006443572778035437,0.20297882741809498,0.21603108010369498,,,,,,,,,,,,,,,,,,,,,,,,,,,,
113 Amalthea (A871 EA),Excluded,Excessive bulk density uncertainty (> 50% relative error: 2.15 +/- 1.19 g/cm3),S,SiMDA Substring Match,N/A,,,,,,,,,,2.15,1.19,,,Excluded,,,,,,,,,,,,,,,,,,,,,,,,,,,,,,,,,,,,,,,,,,,,,,,,,,,,,,,,,,,,,,,,,,,,,,,,,,,,
142 Polana (A875 BA),Analyzed,None,B,NEOWISE Diameter-Porosity Model,Primitive/Aqueous,0.0006540645059685872,0.8382747775035927,0.05260853246590769,0.0,0.0,-0.0002130912245226669,0.00016481757351869268,2.360207330286089,0.005514218273892176,2.8,0.4,,,Not Calculated (Bulk density is a placeholder/model estimate),,,,,,,,,,,,,,,,,,,,,,,,,,,,,,,,,,,,,,,,,,,,,,,,,0.0,0.0,0.0,0.0,0.0,0.0,0.0,0.0,0.20988214263121605,0.0036490671179095296,0.20671916027821205,0.21407321221714423,0.2109566838669902,0.0035998305479533134,0.2074687228401011,0.21480265971396617,0.19664832557330386,0.0034246938831527895,0.19331232222451794,0.20006288707025682,0.2011637498155081,0.0035943669157664795,0.1970344351741396,0.20378976950574262,0.18134909811298183,0.003758252169934552,0.1772313956729921,0.18541532055161125
101 Helena (A868 PA),Excluded,Unphysical bulk density exceeding solid iron limit (Bulk_Density = 12.86 g/cm3 > 8.0 g/cm3),S,SiMDA Substring Match,N/A,,,,,,,,,,12.86,5.19,,,Excluded,,,,,,,,,,,,,,,,,,,,,,,,,,,,,,,,,,,,,,,,,,,,,,,,,,,,,,,,,,,,,,,,,,,,,,,,,,,,
3552 Don Quixote (1983 SA),Excluded,"Featureless spectrum lacking diagnostic absorption bands (Band I depth = 0.0000 < 0.0150, Band II depth = 0.0000 < 0.0150)",D,NEOWISE Diameter-Porosity Model,N/A,,,,,,,,,,2.8,0.4,,,Excluded,,,,,,,,,,,,,,,,,,,,,,,,,,,,,,,,,,,,,,,,,,,,,,,,,,,,,,,,,,,,,,,,,,,,,,,,,,,,
3753 Cruithne (1986 TO),Analyzed,None,Q,NEOWISE Diameter-Porosity Model,Stony/Metallic,0.0008859116266464751,1.0209653072823233,0.20879477713973205,0.07166557203660895,0.34323450528002475,-0.0008043916865411908,0.0001788650758222023,4.134422331207309,0.04050758927047236,2.8,0.4,,,Not Calculated (Bulk density is a placeholder/model estimate),0.0,0.0,0.0,0.0,0.14164898409720475,0.00758310164225508,0.1316995295052646,0.14600679158562518,0.17984715492795159,0.010696728552596915,0.16997566127896097,0.19151668079090572,0.0,0.0,0.0,0.0,0.0,0.001038349648088155,0.0,0.0,0.0,0.0,0.0,0.0,0.1464994539002046,0.012468111726808116,0.14488640742521056,0.16551302691400976,0.18994109617131735,0.010966539662162135,0.1674024022547633,0.19126816008370034,0.0,0.02651605008209651,0.0,0.06513800280514404,0.13530558629316927,0.008632041392063576,0.12361047653824286,0.1386574519745658,0.005079770991089555,0.0043655869780395585,0.0,0.009885243735039151,0.20167795361906288,0.0133718273863176,0.17303819021420444,0.2039300259258673,,,,,,,,,,,,,,,,,,,,,,,,,,,,
11500 Tomaiyowit (1989 UR),Analyzed,None,S,NEOWISE Diameter-Porosity Model,Stony/Metallic,0.0008469482139102942,0.9086540060899029,0.12787522487792347,0.05300361940389131,0.4144948284899706,-0.000941724776868232,0.00016983904090803032,4.031810013199164,0.022047222193089317,2.8,0.4,,,Not Calculated (Bulk density is a placeholder/model estimate),0.0,0.0009665654651044656,0.0,0.0,0.17800169168273508,0.006480999837830941,0.16702528059979407,0.18031395052405508,0.2139032758258041,0.008122335442829922,0.20381319675346,0.21949310603796077,0.0,0.0,0.0,0.0,0.0,0.0015876974380615277,0.0,0.0,0.0,0.0,0.0,0.0,0.1579385920557717,0.010558176843486968,0.1608216022782534,0.18190381922017124,0.21828801692748545,0.006531025339859474,0.20632352339633786,0.21849914540846627,0.0,0.004633077542112959,0.0,0.0057558385713156485,0.0,0.004575541841753901,0.0,0.0,0.0,0.0028028752080266578,0.0,0.0054448651544535065,0.2318684235082036,0.006280823773802324,0.2197244937345414,0.2321481031260231,,,,,,,,,,,,,,,,,,,,,,,,,,,,
1951 Lick (1949 OA),Analyzed,None,A,NEOWISE Diameter-Porosity Model,Stony/Metallic,0.0006974698596974188,0.9435852902194773,0.38189624750029405,0.0,0.0,-0.000836279881741146,0.00014721604984912413,3.9949693760132603,0.021036660807554924,2.8,0.4,,,Not Calculated (Bulk density is a placeholder/model estimate),0.03650198129275042,0.01344017089644968,0.0,0.035088893617955585,0.15167189633879016,0.006691182476874712,0.1438866389469545,0.15551009831885113,0.1912076175910196,0.010306653736742772,0.17303352439486697,0.19564614716087655,0.0,0.0,0.0,0.0,0.0,0.0004222728251295019,0.0,0.0,0.0,0.0,0.0,0.0,0.13474191903561955,0.010438484766045192,0.14033729067538703,0.15934053098634893,0.21069768353603582,0.01588547286224715,0.16883578073290217,0.20864070336840823,0.055962990046009645,0.019202565420492538,0.04588567813876788,0.08621711487118316,0.0,0.036767755588409834,0.0,0.09367186479800817,0.0,0.0018474651392900686,0.0,0.0,0.21921591215977482,0.017219882895381823,0.1736539302568587,0.21700486082344533,,,,,,,,,,,,,,,,,,,,,,,,,,,,
925 Alphonsina (A920 AA),Analyzed,None,S,NEOWISE Diameter-Porosity Model,Stony/Metallic,0.0007969903448701573,0.9351055763449775,0.05956762095939072,0.04957056428347717,0.8321729739260716,-0.000945444610247064,0.00018958199888231096,4.040394748545011,0.02413929760783157,2.8,0.4,,,Not Calculated (Bulk density is a placeholder/model estimate),0.0,0.0,0.0,0.0,0.17429569820334986,0.006733741152741697,0.1656860331501914,0.1786690522086296,0.21549522199259605,0.008709125009762628,0.20329723948544823,0.220218621158058,0.0,0.0,0.0,0.0,0.0,0.001439019658658077,0.0,0.0,0.0,0.0,0.0,0.0,0.1587409073474798,0.01064524936600222,0.16091462629625355,0.18146558953375164,0.2185611241547937,0.006851559232763385,0.20627099493258727,0.2194800325990946,0.0,0.003781645945127182,0.0,0.0,0.0,0.007580871049645492,0.0,0.0112171006146568,0.0,0.002488232775927201,0.0,0.0,0.23290704830178052,0.007527227602836098,0.21939072593431855,0.2342006975544261,,,,,,,,,,,,,,,,,,,,,,,,,,,,
50 Virginia (A857 TA),Excluded,"Featureless spectrum lacking diagnostic absorption bands (Band I depth = 0.0000 < 0.0150, Band II depth = 0.0000 < 0.0150)",Ch,SiMDA Substring Match,N/A,,,,,,,,,,4.49,1.35,,,Excluded,,,,,,,,,,,,,,,,,,,,,,,,,,,,,,,,,,,,,,,,,,,,,,,,,,,,,,,,,,,,,,,,,,,,,,,,,,,,
40 Harmonia (A856 FA),Analyzed,None,S,SiMDA Substring Match,Stony/Metallic,0.0008676786052670131,1.0757913555573724,0.07298172565348138,0.023683351996684587,0.32451071531431847,-0.001012037130402454,0.00023244719544895614,4.220974254209002,0.12498190129084338,3.69,1.04,0.12579424138385442,0.17218672577050087,Valid,0.0,0.00044179222045426903,0.0,0.0,0.0871325461082342,0.040728857027093605,0.0,0.08936630099304535,0.23448159787214476,0.016838703272164444,0.2221920753860571,0.2500184472042905,0.0,0.0,0.0,0.0,0.0,0.001531062594758115,0.0,0.0,0.0,0.0006020782481969569,0.0,0.0,0.1754931080832386,0.022306287007891133,0.15687724042941378,0.20011407308080567,0.24333768138207784,0.02421187882768372,0.23166120140260613,0.28549685827605986,0.0,0.00885776564966824,0.0,0.00881350729874281,0.0,0.0011931141295262436,0.0,0.0,0.0,0.0036560752486133026,0.0,0.006361290011558607,0.2595550665543045,0.02642809328090472,0.24889670600338015,0.30619326241534317,,,,,,,,,,,,,,,,,,,,,,,,,,,,
244 Sita (A884 TA),Analyzed,None,Sa,NEOWISE Diameter-Porosity Model,Stony/Metallic,0.0008052255979485208,1.0739947963039935,0.1371299615027215,0.0,0.0,-0.0009305687675671274,0.00017326908807599193,4.0499609066323625,0.01872076379199242,2.8,0.4,,,Not Calculated (Bulk density is a placeholder/model estimate),0.0,0.006312876506637155,0.0,0.00808144092881653,0.160146485854511,0.006121630764556466,0.14966869802852095,0.1612802175327287,0.20181973720733623,0.006584360598865687,0.19687430360676375,0.20904725504369584,0.0,0.0,0.0,0.0,0.0,0.0012576011414036643,0.0,0.0,0.0,0.0,0.0,0.0,0.15908088421784528,0.008120964633654004,0.15899223866543527,0.1757512916994463,0.20439026705560154,0.005458401346433207,0.19709160990247077,0.20788412911244425,0.01742131722512027,0.010465068665154004,0.00681035973257938,0.027876965453486464,0.04197493981461707,0.0073062006674140985,0.030933799276117648,0.04488136912131784,0.0,0.0017698656110239203,0.0,0.0,0.21516636862496874,0.005923674736278949,0.2064276216758894,0.2188229504902161,,,,,,,,,,,,,,,,,,,,,,,,,,,,
201 Penelope (A879 PA),Excluded,"Featureless spectrum lacking diagnostic absorption bands (Band I depth = 0.0000 < 0.0150, Band II depth = 0.0000 < 0.0150)",X,SiMDA Substring Match,N/A,,,,,,,,,,3.99,1.97,,,Excluded,,,,,,,,,,,,,,,,,,,,,,,,,,,,,,,,,,,,,,,,,,,,,,,,,,,,,,,,,,,,,,,,,,,,,,,,,,,,
7 Iris (A847 PA),Analyzed,None,S,SiMDA Substring Match,Stony/Metallic,0.0006285860117613123,0.9970026553541412,0.11254098360655729,0.03907761355722361,0.3472300694815211,-0.001038358726226704,0.00024542020371305304,4.511401611168556,0.13090818962149092,2.14,0.81,0.5256463102947531,0.18848786826757113,Valid,0.0,0.0,0.0,0.0,0.0,0.03932801791642216,0.005529025106973303,0.1042197170219458,0.24347111900666893,0.01612138572654595,0.22154515659337398,0.25024018188035396,0.0,0.0,0.0,0.0,0.0,0.0020457784780033195,0.0,0.0,0.0,0.00042565164654617053,0.0,0.0,0.13666338746828502,0.021730287051041925,0.1585605949014586,0.19580999611136793,0.2982923798162418,0.025156732389756215,0.2261957757760461,0.2779523476760261,0.0,0.01100251495663286,0.0,0.017202901095513895,0.0,0.0022109546992545416,0.0,0.0,0.0,0.0029608294225079075,0.0,0.0,0.3215731137088043,0.02881232075438168,0.2408244806560042,0.29882173898358927,,,,,,,,,,,,,,,,,,,,,,,,,,,,
4055 Magellan (1985 DO2),Analyzed,None,V,NEOWISE Diameter-Porosity Model,Stony/Metallic,0.003289498584295363,1.1130938864567304,0.1734439561881025,0.3784015207302245,2.181693320693415,0.0010908110384027692,0.001058411935643802,4.144226226718665,0.19115954017414863,2.8,0.4,,,Not Calculated (Bulk density is a placeholder/model estimate),0.09450328890724466,0.04274627876618599,0.02385143422622685,0.1202779320015156,0.0,0.046827566798813114,0.0,0.11048408088990691,0.10776567007441767,0.06728875876721978,0.07684574694651446,0.19136044466766666,0.0,0.000823078532965406,0.0,0.0,0.0,0.004400449001001255,0.0,0.0,0.0,0.0013117786278846462,0.0,0.0,0.17711605092968946,0.1500553959417873,0.12302680251505455,0.3092819592598519,0.1731052448282897,0.033267782214806106,0.1214627078458822,0.1612695668058705,0.08498661359207689,0.04873575674385732,0.016956825665634254,0.12352880647789319,0.17589066270004128,0.031495286424235346,0.12316739227312003,0.17157964061406203,0.008607372089375374,0.024225780968184334,0.0,0.05217076517028794,0.1780250968788649,0.0331710546193795,0.122556577799697,0.1709092042138796,,,,,,,,,,,,,,,,,,,,,,,,,,,,
20 Massalia (A852 SA),Analyzed,None,S,SiMDA Substring Match,Stony/Metallic,0.0008446586499961784,1.0787219242591986,0.071636838120399,0.0,0.0,-0.000954280643670416,0.0001837732798257374,4.065500372420164,0.024823443127744312,3.71,1.05,0.08744320252233484,0.2034056341907189,Valid,0.0,0.0,0.0,0.0,0.16149426120361915,0.008107872174017067,0.1492716628543156,0.16604533501077579,0.2163077507879202,0.008620098762720603,0.2081919572207145,0.22473762502989592,0.0,0.0,0.0,0.0,0.0,0.0011249806472173065,0.0,0.0,0.0,0.0,0.0,0.0,0.16116720313672606,0.011330420130241348,0.1611670548329064,0.18504869681022473,0.2230814643207683,0.0077270272216953305,0.2099710394147383,0.22625642870907173,0.0,0.0036689159551625563,0.0,0.0,0.0,0.0029971003178932,0.0,0.0,0.0,0.0023844873683955114,0.0,0.0,0.23794932055096624,0.007150076241082385,0.22528553303711318,0.23926622614414994,,,,,,,,,,,,,,,,,,,,,,,,,,,,
1862 Apollo (1932 HA),Analyzed,None,Q,NEOWISE Diameter-Porosity Model,Stony/Metallic,0.0007196322304958458,0.9192417999877319,0.21173388656422498,0.03748442508346239,0.17703555010356023,-0.0007485190865429579,0.00016396924822002445,4.1224373145095194,0.025512636607914845,2.8,0.4,,,Not Calculated (Bulk density is a placeholder/model estimate),0.0,0.0,0.0,0.0,0.1345146881103214,0.006309041315726662,0.1269857535643545,0.13914302170681683,0.16267820393618845,0.009610724087332071,0.1527553070245973,0.17308976194692247,0.0,0.0,0.0,0.0,0.0,0.0010903627999793305,0.0,0.0,0.0,0.0,0.0,0.0,0.13075416933339384,0.011644282090236498,0.12724276873477489,0.14970888300616936,0.17398338337409053,0.005290038387938998,0.16536247465766984,0.17518743748598747,0.0408798175027534,0.007441232694967902,0.036177077526072625,0.05036114863395086,0.1676758921783805,0.006696012651162412,0.15899586550944456,0.17094129611370162,0.007778477112707634,0.004245020725932676,0.0,0.011161268640392852,0.1817353684521642,0.006359580880705997,0.17271015117821872,0.18500940100614802,,,,,,,,,,,,,,,,,,,,,,,,,,,,
96 Aegle (A868 DA),Excluded,Excessive bulk density uncertainty (> 50% relative error: 2.61 +/- 2.53 g/cm3),T,SiMDA Substring Match,N/A,,,,,,,,,,2.61,2.53,,,Excluded,,,,,,,,,,,,,,,,,,,,,,,,,,,,,,,,,,,,,,,,,,,,,,,,,,,,,,,,,,,,,,,,,,,,,,,,,,,,
8566 (1996 EN),Analyzed,None,U,NEOWISE Diameter-Porosity Model,Stony/Metallic (Auto-AIC),0.0034439344002125056,1.140712757469961,0.29691876750700275,0.0,0.0,0.0003806731458531984,0.0009428305766273711,4.065068431185281,0.16553190364513112,2.8,0.4,,,Not Calculated (Bulk density is a placeholder/model estimate),0.011432900025960466,0.04471212085033673,0.0,0.11061273614017503,0.10503258725444396,0.04758432150755026,0.0,0.11971264261065231,0.12054238257477703,0.053634299661189364,0.10367043792913055,0.17329419588347797,0.0,0.0008986855264191978,0.0,0.0,0.0,0.004446087187765692,0.0,0.005533231893227682,0.0,0.0022344623634891,0.0,0.0,0.1773209939805086,0.12732982357892753,0.12556420730002507,0.31396812092024495,0.16947271977387485,0.034395593999464895,0.11679436235518927,0.16351553649162917,0.05983253077729601,0.052987988113174546,0.022594232403154606,0.12158977762831846,0.16245973032977346,0.037826061495469535,0.11276277724673307,0.1541335472000889,0.01800037360859598,0.023764040338934686,0.016365762566995203,0.061636939323346344,0.1759057816747696,0.037646114911117516,0.11754804807521979,0.1711401700042746,,,,,,,,,,,,,,,,,,,,,,,,,,,,
245 Vera (A885 CA),Analyzed,None,S,NEOWISE Diameter-Porosity Model,Stony/Metallic,0.0007770386516768819,0.9280566869285043,0.16388096876741054,0.0,0.0,-0.0009352299096392052,0.0001854378149265553,4.0413122723864845,0.022493319837646394,2.8,0.4,,,Not Calculated (Bulk density is a placeholder/model estimate),0.0,0.0006809283149759958,0.0,0.0,0.17112906013708262,0.006117362918173185,0.1657547840272317,0.17714655450966818,0.21256904936129223,0.008711715023269123,0.20117353848814948,0.21956096659199148,0.0,0.0,0.0,0.0,0.0,0.0014736262447641014,0.0,0.0,0.0,0.0,0.0,0.0,0.15227527858520604,0.009735741720905425,0.16097617071566866,0.1807478190003246,0.21867020890917707,0.00732849875931804,0.20107432403864225,0.2166868412909876,0.012717541622680665,0.004833363365867108,0.0,0.0008059653197356121,0.0,0.010682297755360863,0.0,0.024485612046584906,0.0,0.0028277846536303385,0.0,0.005536651661141802,0.23263886138456139,0.007420574026868689,0.21458423616235572,0.22959652121073215,,,,,,,,,,,,,,,,,,,,,,,,,,,,
4744 Rovereto (1988 RF5),Excluded,"Featureless spectrum lacking diagnostic absorption bands (Band I depth = 0.0000 < 0.0150, Band II depth = 0.0000 < 0.0150)",D,NEOWISE Diameter-Porosity Model,N/A,,,,,,,,,,2.8,0.4,,,Excluded,,,,,,,,,,,,,,,,,,,,,,,,,,,,,,,,,,,,,,,,,,,,,,,,,,,,,,,,,,,,,,,,,,,,,,,,,,,,
38 Leda (A856 AA),Excluded,Excessive bulk density uncertainty (> 50% relative error: 7.09 +/- 6.79 g/cm3),Cgh,SiMDA Substring Match,N/A,,,,,,,,,,7.09,6.79,,,Excluded,,,,,,,,,,,,,,,,,,,,,,,,,,,,,,,,,,,,,,,,,,,,,,,,,,,,,,,,,,,,,,,,,,,,,,,,,,,,
863 Benkoela (A917 CG),Analyzed,None,A,NEOWISE Diameter-Porosity Model,Stony/Metallic,0.0007810649695873161,0.941534657188641,0.3569334646899103,0.041660215132112266,0.11671703343452265,-0.0009575252157325811,0.0001769682156238919,4.012701668431521,0.022207369461247187,2.8,0.4,,,Not Calculated (Bulk density is a placeholder/model estimate),0.027580529951338553,0.009536144810335635,0.007499436838831193,0.02805762874003034,0.16918195085216672,0.006515900500138454,0.15756793451261972,0.17095023156909586,0.2079171059866445,0.00830944488827476,0.19757686115856135,0.21228394433520448,0.0,0.0,0.0,0.0,0.0,0.0013215011548934003,0.0,0.0,0.0,0.0,0.0,0.0,0.15384752973338303,0.009155703201208353,0.15662207398335565,0.17476805406724236,0.21457669522256578,0.006094473370869812,0.19928334809327133,0.2117482340370504,0.0,0.011788456684470965,0.0,0.024873575977589636,0.0,0.011548588034579014,0.0,0.023394738787538942,0.0,0.0027459665611258752,0.0,0.005495122425945484,0.2268961882539014,0.005814731195381004,0.21120632883542828,0.22398545678607498,,,,,,,,,,,,,,,,,,,,,,,,,,,,
103 Hera (A868 RA),Excluded,Excessive bulk density uncertainty (> 50% relative error: 4.78 +/- 2.87 g/cm3),S,SiMDA Substring Match,N/A,,,,,,,,,,4.78,2.87,,,Excluded,,,,,,,,,,,,,,,,,,,,,,,,,,,,,,,,,,,,,,,,,,,,,,,,,,,,,,,,,,,,,,,,,,,,,,,,,,,,
26 Proserpina (A853 JA),Excluded,Excessive bulk density uncertainty (> 50% relative error: 1.98 +/- 2.38 g/cm3),S,SiMDA Substring Match,N/A,,,,,,,,,,1.98,2.38,,,Excluded,,,,,,,,,,,,,,,,,,,,,,,,,,,,,,,,,,,,,,,,,,,,,,,,,,,,,,,,,,,,,,,,,,,,,,,,,,,,
81 Terpsichore (A864 SA),Excluded,Excessive bulk density uncertainty (> 50% relative error: 6.54 +/- 5.62 g/cm3),Cb,SiMDA Substring Match,N/A,,,,,,,,,,6.54,5.62,,,Excluded,,,,,,,,,,,,,,,,,,,,,,,,,,,,,,,,,,,,,,,,,,,,,,,,,,,,,,,,,,,,,,,,,,,,,,,,,,,,
1542 Schalen (1941 QE),Excluded,"Featureless spectrum lacking diagnostic absorption bands (Band I depth = 0.0000 < 0.0150, Band II depth = 0.0000 < 0.0150)",D,NEOWISE Diameter-Porosity Model,N/A,,,,,,,,,,2.8,0.4,,,Excluded,,,,,,,,,,,,,,,,,,,,,,,,,,,,,,,,,,,,,,,,,,,,,,,,,,,,,,,,,,,,,,,,,,,,,,,,,,,,
288 Glauke (A890 DA),Analyzed,None,S,NEOWISE Diameter-Porosity Model,Stony/Metallic,0.0008186766056869768,0.9122693546461849,0.08291913214990121,0.061187364210090744,0.7379161192796402,-0.0009688565867555602,0.00018762364563055855,4.030955261468178,0.020094066109006957,2.8,0.4,,,Not Calculated (Bulk density is a placeholder/model estimate),0.0,0.004059987087481813,0.0,0.0,0.17613212921962,0.005946959535204983,0.16640371548990812,0.17735099084492395,0.20740778661703035,0.008722275017436472,0.19972954341194596,0.21713993024833442,0.0,0.0,0.0,0.0,0.0,0.001867898778113592,0.0,0.0,0.0,0.0,0.0,0.0,0.1618935257778523,0.00905509348283206,0.16259940522728003,0.18079511824405753,0.20780224772021477,0.006403853772143521,0.20104128896969098,0.21390140350470385,0.0,0.006413742420803793,0.0,0.00919019296462041,0.026839732575238816,0.01280166217608069,0.0,0.027945969383973826,0.0,0.0021499340313409577,0.0,0.0,0.21992457809004384,0.007755536114259237,0.21278412271165192,0.22828705748043154,,,,,,,,,,,,,,,,,,,,,,,,,,,,
11 Parthenope (A850 JA),Analyzed,None,Sk,SiMDA Substring Match,Stony/Metallic,0.0008801309937419244,0.8283019727607132,0.09684292405769646,0.0,0.0,-0.0010695819126902094,0.0001943560350347005,4.152467367401211,0.08979134059106424,3.27,0.41,0.21251638828735608,0.10160105603412187,Valid,0.0,0.0,0.0,0.0,0.12039627581613563,0.028004791562633156,0.10516385754097121,0.12226606573045389,0.2314194359384343,0.013116349359537451,0.2170495475075914,0.2404629767593555,0.0,0.0,0.0,0.0,0.0,0.002555214412059488,0.0,0.005220271508039403,0.0,0.0,0.0,0.0,0.16901700121176974,0.016511657320438914,0.17049898017932658,0.19620464051143213,0.2317504669530105,0.017560291379823786,0.21836284219272908,0.23355100554380237,0.0,0.006481319326090842,0.0,0.0064196374817978965,0.0,0.004040535709068932,0.0,0.0,0.0,0.0036249557251369115,0.0,0.0062631181853171035,0.24741682008064972,0.021254361474887185,0.23263666952313164,0.2512038605926995,,,,,,,,,,,,,,,,,,,,,,,,,,,,
5159 Burbine (1977 RG),Analyzed,None,S,NEOWISE Diameter-Porosity Model,Stony/Metallic,0.0008697975254542859,1.0864988248652947,0.11041640418294063,0.05211487740548981,0.47198491737826015,-0.0008228775151093318,0.0001512392734536078,4.033561770796466,0.015843671455450486,2.8,0.4,,,Not Calculated (Bulk density is a placeholder/model estimate),0.0,0.0,0.0,0.0,0.1531129423640354,0.0040713283905706435,0.1456297357220314,0.1538700236558903,0.18878216601333625,0.006041770611707211,0.18126299017855632,0.1933422975725585,0.0,0.0,0.0,0.0,0.0,0.0012065141798299301,0.0,0.0,0.0,0.0,0.0,0.0,0.1524801715266881,0.00629759941432082,0.15429122153506733,0.16609074242536592,0.1887812678756638,0.0044592963427999,0.18046996284058783,0.1895233979131445,0.053208904513582476,0.007605069093628673,0.048274015363532326,0.06357328066601753,0.06698658593967093,0.006033383133958936,0.06212252745895392,0.07304945892797632,0.0,0.0016780606785888148,0.0,0.0,0.19664796176702315,0.00519933585449448,0.18761226478135334,0.19819379168380857,,,,,,,,,,,,,,,,,,,,,,,,,,,,
5392 Parker (1986 AK),Excluded,"Featureless spectrum lacking diagnostic absorption bands (Band I depth = 0.0000 < 0.0150, Band II depth = 0.0000 < 0.0150)",Sl,NEOWISE Diameter-Porosity Model,N/A,,,,,,,,,,2.8,0.4,,,Excluded,,,,,,,,,,,,,,,,,,,,,,,,,,,,,,,,,,,,,,,,,,,,,,,,,,,,,,,,,,,,,,,,,,,,,,,,,,,,
67 Asia (A861 HA),Excluded,Unphysical bulk density exceeding solid iron limit (Bulk_Density = 8.66 g/cm3 > 8.0 g/cm3),S,SiMDA Substring Match,N/A,,,,,,,,,,8.66,1.32,,,Excluded,,,,,,,,,,,,,,,,,,,,,,,,,,,,,,,,,,,,,,,,,,,,,,,,,,,,,,,,,,,,,,,,,,,,,,,,,,,,
37 Fides (A855 TB),Analyzed,None,S,SiMDA Substring Match,Stony/Metallic,0.0007723125347839731,0.8868837787852265,0.051039486089582864,0.0,0.0,-0.0010044012504453782,0.00018904701339032004,4.032674123437521,0.01967922008280175,2.62,0.83,0.35030703701724675,0.18614696635573283,Valid,0.0,0.0012674272496167847,0.0,0.0,0.17837216384511312,0.006405390685149742,0.16804316222155935,0.18125664701056887,0.2138261492430682,0.008720691718967506,0.20134123372188603,0.22010871054881395,0.0,0.0,0.0,0.0,0.0,0.0019257056448953,0.0,0.0,0.0,0.0,0.0,0.0,0.15741341191894292,0.009907690427680003,0.16256077273741537,0.180304216803236,0.2180734762000277,0.0067773566525244685,0.2029282988705098,0.21496576101123085,0.0,0.003821671932875837,0.0,0.0,0.0,0.01165119724941136,0.0,0.024091662907842825,0.0,0.0023381032791943523,0.0,0.0,0.23231479879284792,0.0073514083584134485,0.21566036824066004,0.23004945107400449,,,,,,,,,,,,,,,,,,,,,,,,,,,,
1768 Appenzella (1965 SA),Excluded,"Featureless spectrum lacking diagnostic absorption bands (Band I depth = 0.0000 < 0.0150, Band II depth = 0.0000 < 0.0150)",C,NEOWISE Diameter-Porosity Model,N/A,,,,,,,,,,2.8,0.4,,,Excluded,,,,,,,,,,,,,,,,,,,,,,,,,,,,,,,,,,,,,,,,,,,,,,,,,,,,,,,,,,,,,,,,,,,,,,,,,,,,
11066 Sigurd (1992 CC1),Analyzed,None,K,NEOWISE Diameter-Porosity Model,Stony/Metallic,0.0007416700520129531,0.9422971682685981,0.051847380627124684,0.06589691247767293,1.2709786238110945,-0.0007025559957122377,0.0001609953526428828,4.132300151086342,0.02787644632729449,2.8,0.4,,,Not Calculated (Bulk density is a placeholder/model estimate),0.0,0.0,0.0,0.0,0.13827567920800085,0.006164485033660213,0.12872415811650517,0.14036124572645609,0.16537387169403925,0.009537466745848778,0.15429376533982675,0.17254320614361937,0.0,0.0,0.0,0.0,0.0,0.000898160845603587,0.0,0.0,0.0,0.0,0.0,0.0,0.12217836283505971,0.01199707484040202,0.12352952460767735,0.14712021016771368,0.17797798841244322,0.0064750446772828775,0.16856469177590155,0.18183777615095742,0.03828167058825066,0.007169847174265387,0.03309939955377632,0.04582416627699963,0.17180539729658129,0.005819890435120713,0.16340022112031186,0.1737461802525598,0.0,0.0021900280138914215,0.0,0.0,0.186107029965625,0.007232258194292645,0.17488155841130026,0.18915657893717416,,,,,,,,,,,,,,,,,,,,,,,,,,,,
77 Frigga (A862 VA),Excluded,Unphysical bulk density exceeding solid iron limit (Bulk_Density = 11.05 g/cm3 > 8.0 g/cm3),Xe,SiMDA Substring Match,N/A,,,,,,,,,,11.05,4.34,,,Excluded,,,,,,,,,,,,,,,,,,,,,,,,,,,,,,,,,,,,,,,,,,,,,,,,,,,,,,,,,,,,,,,,,,,,,,,,,,,,
301 Bavaria (A890 WA),Excluded,"Featureless spectrum lacking diagnostic absorption bands (Band I depth = 0.0000 < 0.0150, Band II depth = 0.0000 < 0.0150)",C,NEOWISE Diameter-Porosity Model,N/A,,,,,,,,,,2.8,0.4,,,Excluded,,,,,,,,,,,,,,,,,,,,,,,,,,,,,,,,,,,,,,,,,,,,,,,,,,,,,,,,,,,,,,,,,,,,,,,,,,,,
808 Merxia (A901 TG),Analyzed,None,Sq,NEOWISE Diameter-Porosity Model,Stony/Metallic,0.0007938157127490163,0.9080204317597473,0.08818014343048874,0.08045876378917882,0.9124362998184894,-0.000934532865544856,0.00016959872108116353,4.029071085217623,0.01770625942351405,2.8,0.4,,,Not Calculated (Bulk density is a placeholder/model estimate),0.0,0.0,0.0,0.0,0.17698407760073898,0.005790623943143465,0.16831850477153082,0.1798534894148718,0.21244040922917057,0.00737020982989188,0.20229375692723262,0.21684494672325466,0.0,0.0,0.0,0.0,0.0,0.0017570199614389236,0.0,0.0,0.0,0.0,0.0,0.0,0.16234536854927292,0.009437836458589742,0.16573947502642325,0.1837955614424542,0.21682798987831198,0.006384071278435967,0.20591617587138308,0.21714021194503394,0.0,0.0022901924339024026,0.0,0.0,0.0,0.00735864958885563,0.0,0.008224818567186532,0.0,0.0027159816017445068,0.0,0.005713682203360791,0.2314021547425056,0.006775751759999719,0.21765802588978642,0.23087325026047348,,,,,,,,,,,,,,,,,,,,,,,,,,,,
85818 (1998 XM4),Analyzed,None,S,NEOWISE Diameter-Porosity Model,Stony/Metallic,0.000880605218599496,0.9512441206714155,0.07112672988397228,0.0,0.0,-0.0008240635690697795,0.00015024820197266707,3.954223937089546,0.006239224577705831,2.8,0.4,,,Not Calculated (Bulk density is a placeholder/model estimate),0.0,0.0010511794125880108,0.0,0.0,0.16434561111927018,0.0017759280974834972,0.1609694789652636,0.1650200172678662,0.18547919138282484,0.002742040198912008,0.1827588236714624,0.18844950879536168,0.0,0.0,0.0,0.0,0.0,0.001501845799626214,0.0,0.0,0.0,0.0,0.0,0.0,0.15882786079972888,0.002526733926948129,0.16010153579870143,0.16473606400579524,0.17721591481037408,0.0019082619513762719,0.17351037872479533,0.17735756046150986,0.09184258719965116,0.0023062387769711506,0.08931633425850424,0.09420692832755014,0.04044059856446334,0.002970432889520316,0.03725008070987276,0.042923089721574596,0.0,0.0018832851690415203,0.0,0.0,0.18184823612368742,0.002012496697822854,0.17830859936702242,0.18208081147061433,,,,,,,,,,,,,,,,,,,,,,,,,,,,
158 Koronis (A876 AA),Analyzed,None,S,NEOWISE Diameter-Porosity Model,Stony/Metallic,0.0007799807341545912,0.8956595585534894,0.09837667095429603,0.0471266539090156,0.4790429829741827,-0.0009826922932018557,0.00017451835814564324,4.033555324962398,0.020630898565175082,2.8,0.4,,,Not Calculated (Bulk density is a placeholder/model estimate),0.0,0.0006281113082980743,0.0,0.0,0.17800372226962718,0.005821876114793949,0.16895163868766044,0.17899607128473238,0.21346692852960908,0.008700390541624687,0.20164626056968335,0.2184618096398412,0.0,0.0,0.0,0.0,0.0,0.0013499637087824679,0.0,0.0,0.0,0.0,0.0,0.0,0.1575305448279857,0.011440415254402994,0.16212394953835246,0.18160790020436784,0.21824064742125307,0.007096798698423821,0.2033555846938162,0.217495014118524,0.0,0.0032968323431931015,0.0,0.0,0.0,0.011397533006365207,0.0,0.023258484972093194,0.0,0.0022715491857478644,0.0,0.0,0.23275815695152494,0.007794625098118355,0.21430362637265485,0.23177271754634643,,,,,,,,,,,,,,,,,,,,,,,,,,,,
62 Erato (A860 RD),Excluded,Excessive bulk density uncertainty (> 50% relative error: 1.07 +/- 0.54 g/cm3),Ch,SiMDA Substring Match,N/A,,,,,,,,,,1.07,0.54,,,Excluded,,,,,,,,,,,,,,,,,,,,,,,,,,,,,,,,,,,,,,,,,,,,,,,,,,,,,,,,,,,,,,,,,,,,,,,,,,,,
2956 Yeomans (1982 HN1),Analyzed,None,Sr,NEOWISE Diameter-Porosity Model,Stony/Metallic,0.0007851916135493715,0.9094037150420146,0.0971106304079109,0.09299769240364208,0.9576468818398921,-0.0009522643161584764,0.0001623471013849479,4.0333070131549515,0.021846026776680683,2.8,0.4,,,Not Calculated (Bulk density is a placeholder/model estimate),0.0,0.00586390262074771,0.0,0.009084368541694652,0.17567225169658657,0.005109298614249654,0.16673750176078939,0.17687093630540493,0.2079602602839791,0.008490198279180731,0.19750843585838612,0.2157744364808074,0.0,0.0,0.0,0.0,0.0,0.0016498794042314286,0.0,0.0,0.0,0.0,0.0,0.0,0.16072847725140388,0.00947494635178697,0.1602929309683996,0.17825046157123206,0.20938619821158558,0.005979313617390255,0.19946288737029205,0.21157669082241273,0.0,0.007722357465524084,0.0,0.013722812298361654,0.024706557640051002,0.010053050287401624,0.012412568669269099,0.0313547426290173,0.0,0.0016230026259581997,0.0,0.0,0.2215462549163938,0.00668182401339585,0.2099311744315365,0.22326468029396246,,,,,,,,,,,,,,,,,,,,,,,,,,,,
15 Eunomia (A851 OA),Analyzed,None,S,SiMDA Substring Match,Stony/Metallic,0.000882330073649966,0.8978957410119214,0.11955798843812349,0.028852405721716434,0.2413256203005525,-0.0010043230643458814,0.0001914742967905631,4.13992959788007,0.06676061375024939,3.54,0.2,0.14491299518409095,0.04616360011584221,Valid,0.0,0.001472574345326176,0.0,0.0,0.12580018732573117,0.021336212964434373,0.1098141936921481,0.1293647101980862,0.22640042849414851,0.010594474617926345,0.214809829552733,0.2348129654883557,0.0,0.0,0.0,0.0,0.0,0.0018809093118991396,0.0,0.0,0.0,0.0,0.0,0.0,0.1675107774907553,0.01677071575108554,0.16859871026389564,0.1969172597632387,0.23241672963078597,0.01580244448454609,0.21743218979857773,0.23269767829792912,0.0,0.009355965908370348,0.0,0.014585627517009394,0.0,0.004350416936762108,0.0,0.0,0.0,0.0029115412344728375,0.0,0.0050294812950044026,0.24787187705857902,0.01632950021841468,0.23110535681703687,0.2474867067087045,,,,,,,,,,,,,,,,,,,,,,,,,,,,
208 Lacrimosa (A879 UB),Analyzed,None,Sk,NEOWISE Diameter-Porosity Model,Stony/Metallic,0.0008093610733942371,0.9419571109774469,0.0894994100792178,0.0300648981769982,0.33592286418856987,-0.0009283855102553164,0.00017480019591951533,4.03865963696056,0.021157929371666138,2.8,0.4,,,Not Calculated (Bulk density is a placeholder/model estimate),0.0,0.0,0.0,0.0,0.17485473020005396,0.006704669491101851,0.16594766944501932,0.17752827877908334,0.21424319879460943,0.008104682355502638,0.2043311382779264,0.22034381232475353,0.0,0.0,0.0,0.0,0.0,0.0013996840459548907,0.0,0.0,0.0,0.0,0.0,0.0,0.15896655302552243,0.010900925554527692,0.16077567791808828,0.181501317828376,0.21870248902607328,0.007225829066166976,0.2068858951446929,0.22024495021309975,0.0,0.005021700249175825,0.0,0.0,0.0,0.0058674204265307586,0.0,0.0,0.0,0.002404127239072727,0.0,0.0,0.23323302895374093,0.007165188017864304,0.22036844874460987,0.23368176602570057,,,,,,,,,,,,,,,,,,,,,,,,,,,,
6455 (1992 HE),Analyzed,None,S,NEOWISE Diameter-Porosity Model,Stony/Metallic,0.0008507014341205467,0.9438159295414714,0.20083004352667277,0.06084310592852349,0.30295818723179607,-0.0006347656299851188,0.00015938116524916803,3.892759394150118,0.1000497553431467,2.8,0.4,,,Not Calculated (Bulk density is a placeholder/model estimate),0.125990842369706,0.005929309365219174,0.12472964260370274,0.1348593147181529,0.11432840754319461,0.04661850912909368,0.0,0.11469847759958876,0.13195433427427558,0.008570628994629789,0.1309741125084056,0.1383917498742137,0.0,0.0,0.0,0.0,0.0,0.001062110285589722,0.0,0.0,0.0,0.0,0.0,0.0,0.11984730065229658,0.007070941480581865,0.11862329132544869,0.12251990614367547,0.12754299453363244,0.01232094324895638,0.12612867489282575,0.15188234098242345,0.12494597115421743,0.0031684397677583546,0.12346722857358904,0.1261842574180179,0.12770057537056662,0.013422116918793215,0.126238378400573,0.15539120771866702,0.0,0.002594182874269548,0.0,0.005262789949294639,0.12768957410211074,0.013611263439502723,0.12620817168405804,0.1547964280639274,,,,,,,,,,,,,,,,,,,,,,,,,,,,
152563 (1992 BF),Analyzed,None,Xc,NEOWISE Diameter-Porosity Model,Primitive/Aqueous (Auto-AIC),0.0007879244844463175,0.9636092653027748,0.10476920488324704,0.05611736720608396,0.5356284536913319,-0.00025999908208371083,0.0001339347159933316,2.35823044500396,0.005766372904337628,2.8,0.4,,,Not Calculated (Bulk density is a placeholder/model estimate),,,,,,,,,,,,,,,,,,,,,,,,,,,,,,,,,,,,,,,,,,,,,,,,,0.0,0.0,0.0,0.0,0.0,0.0006520911010687762,0.0,0.0,0.21250020895268026,0.003573801410889782,0.20938976065413167,0.21662690479792596,0.2107168579891211,0.003752275118161366,0.20743589306315477,0.21382745456584382,0.19913601716666549,0.004059481112420422,0.1945175806194389,0.20263151553564976,0.20094303862551813,0.0038658659784674937,0.1974870657320074,0.20436026096658116,0.17670387726601497,0.0040704091405683275,0.17253012794138634,0.18085020460471193
532 Herculina (A904 HE),Analyzed,None,S,SiMDA Substring Match,Stony/Metallic,0.0008209482423614403,0.9455960951502318,0.10003542216783678,0.0,0.0,-0.0009763641776599074,0.00017968822390191885,4.039977216701731,0.02231800267937825,2.12,0.53,0.47524456543079596,0.13976068717138673,Valid,0.0,0.00043311971603349675,0.0,0.0,0.1748531508691868,0.005984831607071475,0.1644420718573627,0.17667354731723614,0.21717858007962598,0.00782513702985357,0.20567073209454784,0.221142669284776,0.0,0.0,0.0,0.0,0.0,0.0018710211718838076,0.0,0.0,0.0,0.0,0.0,0.0,0.15893493989334834,0.012377908980154326,0.15974655016723754,0.18561538538134342,0.21724906245636022,0.00669892313461407,0.20622473257268373,0.2202590419913512,0.0,0.003679637821971715,0.0,0.0,0.0,0.0018116450797375562,0.0,0.0,0.0,0.002888542713794928,0.0,0.005483949152620825,0.23178426670147875,0.006091851316479008,0.22103046951365068,0.23252294521598094,,,,,,,,,,,,,,,,,,,,,,,,,,,,
194268 (2001 UY4),Excluded,"Featureless spectrum lacking diagnostic absorption bands (Band I depth = 0.0071 < 0.0150, Band II depth = 0.0000 < 0.0150)",X,NEOWISE Diameter-Porosity Model,N/A,,,,,,,,,,2.8,0.4,,,Excluded,,,,,,,,,,,,,,,,,,,,,,,,,,,,,,,,,,,,,,,,,,,,,,,,,,,,,,,,,,,,,,,,,,,,,,,,,,,,
1565 Lemaitre (1948 WA),Analyzed,None,Sq,NEOWISE Diameter-Porosity Model,Stony/Metallic,0.0007788228405004962,0.8575497510339474,0.03992012618720009,0.0,0.0,-0.0008920883160094552,0.00023732201062905315,4.026265454752306,0.02316809176589988,2.8,0.4,,,Not Calculated (Bulk density is a placeholder/model estimate),0.0,0.0010712761067703188,0.0,0.0,0.1808247162937712,0.00689926782586092,0.16990904625222658,0.18322927723224403,0.21085504094183838,0.009256220589920544,0.19841713281624238,0.21581669656662297,0.0,0.0,0.0,0.0,0.0,0.0016686461041157106,0.0,0.0,0.0,0.0,0.0,0.0,0.15738142770730432,0.012685736866196869,0.15847864375620557,0.18371129247991175,0.21835970675376548,0.006797088512829641,0.20303333759672507,0.21600770780673573,0.0,0.0037363961658080087,0.0,0.0,0.0,0.01056424125792228,0.0,0.02169863921991721,0.0,0.002799555649400249,0.0,0.005361961025712964,0.23257910830332063,0.008602058299712417,0.21373737230940867,0.23064409763929894,,,,,,,,,,,,,,,,,,,,,,,,,,,,
128 Nemesis (A872 WA),Analyzed,None,C,SiMDA Substring Match,Primitive/Aqueous,0.00045700056984334097,0.7195993054284809,0.03281842464090268,0.0,0.0,-0.0005647910974853251,0.00014454168432839482,2.3571424994749925,0.004464317378558409,1.82,0.79,0.2278786707187327,0.25278318793495885,Valid,,,,,,,,,,,,,,,,,,,,,,,,,,,,,,,,,,,,,,,,,,,,,,,,,0.0,0.0,0.0,0.0,0.0,0.0,0.0,0.0,0.21322491468862223,0.0032276849867777053,0.20952817325937623,0.21610157266247484,0.21209076541221378,0.002990780535603925,0.2091761917058162,0.215933785885945,0.19482380328306714,0.0033555820635750864,0.1910723343253009,0.19753223299896702,0.20110881707363992,0.0030367528076396147,0.19854048080344103,0.20451232077799178,0.1787516995424569,0.0032094013873881296,0.17600162391853807,0.18226513633764416
3819 Robinson (1983 AR),Analyzed,None,Sr,NEOWISE Diameter-Porosity Model,Stony/Metallic,0.0008798234632124579,0.9961168283360955,0.3545854754794816,0.0,0.0,-0.0010944581349949742,0.00020464218165234494,4.0423307177097625,0.022851318879837823,2.8,0.4,,,Not Calculated (Bulk density is a placeholder/model estimate),0.007436419844283305,0.009010248238709212,0.0,0.019120907014554142,0.16492049884328455,0.007932599820599039,0.15349957904982942,0.16772022368101386,0.2079618065260449,0.008728892751720974,0.19562933502980964,0.2135095995564646,0.0,0.0,0.0,0.0,0.0,0.001615970779583215,0.0,0.0,0.0,0.0,0.0,0.0,0.16008851857260287,0.010532222265365201,0.1597134217267709,0.1782416999348821,0.2061002844838086,0.0075408063722124915,0.19755701388016517,0.21116797457304315,0.0,0.010329004733776855,0.0,0.011933309473708228,0.01854776291558691,0.012121180917001092,0.0,0.02739886161522224,0.01697405099506037,0.004399455045801861,0.012628374120346461,0.0209513400184238,0.21797065781932856,0.006394967069146255,0.20966031675795893,0.2219704279579327,,,,,,,,,,,,,,,,,,,,,,,,,,,,
60 Echo (A860 RB),Analyzed,None,S,SiMDA Substring Match,Stony/Metallic,0.0007829398949882257,0.9260434772629249,0.08923591745677639,0.06790626591951099,0.7609745924605197,-0.0009699104850418058,0.00016676219788004992,4.036991708821023,0.02212787789994325,2.78,0.33,0.3113684147714336,0.08817740663226246,Valid,0.0,0.0018057656554720874,0.0,0.0,0.17326057671403605,0.006268043803826537,0.16275965237746737,0.17491870420233044,0.21415963507615735,0.009144193972995878,0.20225049923559807,0.21970794749759023,0.0,0.0,0.0,0.0,0.0,0.0010639707847349426,0.0,0.0,0.0,0.0,0.0,0.0,0.1621584432076322,0.011346508362436447,0.16319010877796164,0.18401411942048213,0.21821791418521222,0.006737019921546286,0.20394906146527378,0.2183037848516781,0.0,0.0069430466134993525,0.0,0.010464202660556286,0.0,0.010337399775754652,0.0,0.019235361098154925,0.0,0.002614998633608821,0.0,0.0008104037846535957,0.23220343081696207,0.00766844919692177,0.2167119303893269,0.2315905040888466,,,,,,,,,,,,,,,,,,,,,,,,,,,,
3858 Dorchester (1986 TG),Analyzed,None,Sa,NEOWISE Diameter-Porosity Model,Stony/Metallic,0.0008995450260846308,1.0247450811149648,0.23242509595598415,0.005140849984879847,0.02211830854037123,-0.0007496040361817666,0.00016459317373780294,4.055237131527037,0.01739820657280416,2.8,0.4,,,Not Calculated (Bulk density is a placeholder/model estimate),0.0,0.0,0.0,0.0,0.14422425108907466,0.004007329707072947,0.13784203217184912,0.14484542286392563,0.16946420205791782,0.006351340686675473,0.16355516103082127,0.17260791499140335,0.0,0.0,0.0,0.0,0.0,0.0012956230460034754,0.0,0.0,0.0,0.0,0.0,0.0,0.13825662850372314,0.006444912721722769,0.13952368424370223,0.15139196040115216,0.16576351725976005,0.005707922826680632,0.16146600046879492,0.16680804692377957,0.07218068187379686,0.012887043223097347,0.06850303623934308,0.07826605843770294,0.1386271096752634,0.004328548904689967,0.13264669937300608,0.14050404064916847,0.0,0.003050025166586264,0.0,0.0053321874056783,0.1714836095404641,0.005987477918766351,0.16600488947922432,0.17245924083167796,,,,,,,,,,,,,,,,,,,,,,,,,,,,
5143 Heracles (1991 VL),Excluded,Excessive bulk density uncertainty (> 50% relative error: 4.78 +/- 2.87 g/cm3),O,SiMDA Substring Match,N/A,,,,,,,,,,4.78,2.87,,,Excluded,,,,,,,,,,,,,,,,,,,,,,,,,,,,,,,,,,,,,,,,,,,,,,,,,,,,,,,,,,,,,,,,,,,,,,,,,,,,
5646 (1990 TR),Analyzed,None,U,NEOWISE Diameter-Porosity Model,Stony/Metallic (Auto-AIC),0.0009842955849763523,1.059830627116923,0.24069577003444964,0.04431043523859479,0.18409311984274943,-0.0006440762389327362,0.00017511589793192474,3.888880591127848,0.0036293275431385293,2.8,0.4,,,Not Calculated (Bulk density is a placeholder/model estimate),0.12380421071471766,0.001722906412875448,0.12245035008052259,0.12586678832474582,0.11766456250238956,0.0008783134164543799,0.11697694962415443,0.11872184020896467,0.12799769680366438,0.0018439404549477588,0.12554899271545908,0.12916177531589101,0.0,0.0,0.0,0.0,0.0,0.0008444916378549704,0.0,0.0,0.0,0.0,0.0,0.0,0.11917792343890202,0.0014171448778136034,0.11804705127727655,0.12097453207513158,0.12240034885919863,0.0009063763010150039,0.12162591266763538,0.12338354132872044,0.11997610220349986,0.001407501845646789,0.11896544622151871,0.12164736435419625,0.12301787942899416,0.0008389571343528062,0.122355810247424,0.12400008794114466,0.02344145267459148,0.004067844655102585,0.01821589752834535,0.026098985779776762,0.12251982337404219,0.0008112482760942382,0.12195482000872046,0.12358137052064944,,,,,,,,,,,,,,,,,,,,,,,,,,,,
3 Juno (A804 RA),Analyzed,None,Sk,SiMDA Substring Match,Stony/Metallic,0.000842927122319606,1.0857118474109637,0.0,0.05177743431221016,,-0.0009316187397034475,0.0001808156613585675,4.058446960914356,0.02282192429534917,3.68,0.62,0.0932492070388159,0.11074458736621651,Valid,0.0,0.0,0.0,0.0,0.16143938862581408,0.007507603773461638,0.14934737475029525,0.16313884983907026,0.21495385210108645,0.009465438879133967,0.20609245565408932,0.22386722770874237,0.0,0.0,0.0,0.0,0.0,0.001535173308757575,0.0,0.0,0.0,0.0,0.0,0.0,0.16609615212607667,0.011671095527400938,0.167546247986875,0.18883127332665312,0.22134280818471866,0.006971118906536163,0.20944058672999005,0.2235613127645399,0.0,0.004297990119113892,0.0,0.0008660751691476616,0.0,0.004483801448470868,0.0,0.0,0.0,0.0023789031440926245,0.0,0.0,0.2361677989623042,0.007266373528519758,0.22251278340362254,0.23677952666866034,,,,,,,,,,,,,,,,,,,,,,,,,,,,
17 Thetis (A852 HA),Analyzed,None,Sl,SiMDA Substring Match,Stony/Metallic,0.0008130970466488385,1.0766309052179721,0.0,0.05879952515209963,,-0.0009344678347023398,0.00018244934951004862,4.06441095181571,0.023897367087045433,4.48,1.48,,0.19292000627241843,Unconstrained (Measured bulk density exceeds grain density),0.0,0.0015198600328505396,0.0,0.0,0.1590849999397664,0.007982479961753502,0.1500064465359741,0.1649917131885803,0.21392962703267923,0.00902236979628112,0.203207352524849,0.21901560603708067,0.0,0.0,0.0,0.0,0.0,0.0016075440024345767,0.0,0.0,0.0,0.0,0.0,0.0,0.16446306424126692,0.010467276220104273,0.16576613275554272,0.1871729686459394,0.22409925605215403,0.007550245145157538,0.20815891044105783,0.22312425196214963,0.0,0.006338244013895579,0.0,0.008813344773451113,0.0,0.009951973630661843,0.0,0.019387479470204583,0.0,0.002552351455898683,0.0,0.0,0.23842305273413336,0.007910679489786012,0.219076024072014,0.23521419076558941,,,,,,,,,,,,,,,,,,,,,,,,,,,,
793 Arizona (A907 GZ),Analyzed,None,S,NEOWISE Diameter-Porosity Model,Stony/Metallic,0.0007754079172579128,0.8982338141638487,0.08811779854072432,0.07513652151692651,0.8526826902308685,-0.000989194319681985,0.00019059492448807855,4.030082939548631,0.02320571420845424,2.8,0.4,,,Not Calculated (Bulk density is a placeholder/model estimate),0.0,0.001102796738213516,0.0,0.0,0.17680653693788945,0.0064119940883767285,0.166492985829909,0.17806934209222236,0.2127305871464145,0.008453097662269015,0.20252377664653723,0.2206613503878556,0.0,0.0,0.0,0.0,0.0,0.0019129465131943499,0.0,0.0,0.0,0.0,0.0,0.0,0.16144019681777386,0.009642820037094402,0.16402483987391564,0.18293965825556852,0.21744538808560776,0.006369479106319723,0.2041382201003162,0.21701344396128164,0.0,0.005199276562897058,0.0,0.005313078601461612,0.0,0.009154397084548488,0.0,0.016665529911849327,0.0,0.0021809047341805454,0.0,0.0,0.23157729101231442,0.0069871904751203865,0.21601407056851415,0.2301266997220647,,,,,,,,,,,,,,,,,,,,,,,,,,,,
234 Barbara (A883 PA),Excluded,Unphysical bulk density exceeding solid iron limit (Bulk_Density = 8.84 g/cm3 > 8.0 g/cm3),Ld,SiMDA Substring Match,N/A,,,,,,,,,,8.84,29.17,,,Excluded,,,,,,,,,,,,,,,,,,,,,,,,,,,,,,,,,,,,,,,,,,,,,,,,,,,,,,,,,,,,,,,,,,,,,,,,,,,,
11405 (1999 CV3),Analyzed,None,Sq,NEOWISE Diameter-Porosity Model,Stony/Metallic,0.000688628766713154,0.7848408622273204,0.18628600399252204,0.08205259364319095,0.44046569191792173,-0.0005819487227311365,0.0001295866861795225,3.882753590594895,0.0025930226767539857,2.8,0.4,,,Not Calculated (Bulk density is a placeholder/model estimate),0.12682103973234538,0.0007187238434310313,0.12542262487542122,0.12698789118210566,0.11842747802009967,0.0008257533037116323,0.1168738554839265,0.11859999986607908,0.12913705909849676,0.0017867111158261792,0.12834883479031384,0.13217590035860932,0.0,0.0,0.0,0.0,0.0,0.0007379208854418081,0.0,0.0,0.0,0.0,0.0,0.0,0.11820950140539485,0.001163488418369547,0.11868268121992917,0.12093355209609838,0.12692761996659527,0.0007674461837974614,0.12570513000369415,0.1271349615647411,0.12657502390998673,0.0007975421172508984,0.12538474572048816,0.12683584129687567,0.12695428205504536,0.0006669543534416102,0.12578779566602108,0.1270070185692723,0.0,0.0019073577771396343,0.0,0.0,0.12694799581203603,0.0007492552187637125,0.12563633554459572,0.127104743009095,,,,,,,,,,,,,,,,,,,,,,,,,,,,
23 Thalia (A852 XA),Analyzed,None,S,SiMDA Substring Match,Stony/Metallic,0.0008315131934273465,1.0810062228534858,0.08961888056131384,0.03837857058196026,0.4282420215648989,-0.0009378598833133315,0.0001665551163913059,4.064646771748819,0.023852918278725554,3.07,0.31,0.24470681650914317,0.07624401458527476,Valid,0.0,0.0,0.0,0.0,0.16177623287741538,0.00731385011385648,0.14979540226864443,0.16397761210157655,0.21574166545407972,0.009725788829947318,0.20591625945874875,0.2235765149367153,0.0,0.0,0.0,0.0,0.0,0.0015254884307964837,0.0,0.0,0.0,0.0,0.0,0.0,0.16102403284587757,0.011509960361186128,0.16329500796068216,0.18622915314539748,0.2233587999593824,0.006693331208741657,0.2096942131969447,0.22349766604028798,0.0,0.004342582283569229,0.0,0.0,0.0,0.008859398369533695,0.0,0.014282196559453727,0.0,0.002067768688000528,0.0,0.0,0.2380992688632449,0.007935189544856872,0.2221431897435058,0.2388958375983842,,,,,,,,,,,,,,,,,,,,,,,,,,,,
97 Klotho (A868 DB),Excluded,"Featureless spectrum lacking diagnostic absorption bands (Band I depth = 0.0030 < 0.0150, Band II depth = 0.0000 < 0.0150)",Xc,SiMDA Substring Match,N/A,,,,,,,,,,4.16,0.62,,,Excluded,,,,,,,,,,,,,,,,,,,,,,,,,,,,,,,,,,,,,,,,,,,,,,,,,,,,,,,,,,,,,,,,,,,,,,,,,,,,
584 Semiramis (A906 AC),Excluded,Unphysical bulk density exceeding solid iron limit (Bulk_Density = 11.31 g/cm3 > 8.0 g/cm3),Sl,SiMDA Substring Match,N/A,,,,,,,,,,11.31,8.06,,,Excluded,,,,,,,,,,,,,,,,,,,,,,,,,,,,,,,,,,,,,,,,,,,,,,,,,,,,,,,,,,,,,,,,,,,,,,,,,,,,
2078 Nanking (1975 AD),Analyzed,None,Sq,NEOWISE Diameter-Porosity Model,Stony/Metallic,0.000684597919738845,1.0003133748911706,0.08655482202409304,0.0,0.0,-0.0009335686360308256,0.0002025690408031107,3.982169485100151,0.021223412110145938,2.8,0.4,,,Not Calculated (Bulk density is a placeholder/model estimate),0.0,0.0,0.0,0.0,0.2033121330833345,0.006020177901862903,0.19411150531518737,0.2063459381523814,0.20697789410776732,0.008629605862384804,0.19670604263260832,0.21386876440582203,0.0,0.0,0.0,0.0,0.0,0.0018728831688355984,0.0,0.0,0.0,0.0,0.0,0.0,0.15394610099317654,0.012159884933804871,0.15193507254180727,0.17523077344886887,0.21087547687843963,0.006223322796370166,0.19995958660517077,0.21307506216127922,0.0,0.002996096442960802,0.0,0.0,0.0,0.005514575131272852,0.0,0.0,0.0,0.0027169414750766296,0.0,0.00511693793595358,0.224888394937282,0.0065629803890961185,0.21291971651898384,0.22583036830322684,,,,,,,,,,,,,,,,,,,,,,,,,,,,
416 Vaticana (A896 JA),Excluded,Unphysical bulk density exceeding solid iron limit (Bulk_Density = 9.44 g/cm3 > 8.0 g/cm3),Sl,SiMDA Substring Match,N/A,,,,,,,,,,9.44,8.99,,,Excluded,,,,,,,,,,,,,,,,,,,,,,,,,,,,,,,,,,,,,,,,,,,,,,,,,,,,,,,,,,,,,,,,,,,,,,,,,,,,
100926 (1998 MQ),Analyzed,None,S,NEOWISE Diameter-Porosity Model,Stony/Metallic,0.0008879161034778921,1.039364674163091,0.18453576394253035,0.048484848484848686,0.26273957659474745,-0.0006497336321266648,0.00021742057305482458,3.8858407176196943,0.003439712695780891,2.8,0.4,,,Not Calculated (Bulk density is a placeholder/model estimate),0.1217945257700821,0.000945372542115962,0.12067999220057543,0.12236974516705207,0.12259012945654481,0.0009246107779907738,0.1210991996384085,0.12280264140129259,0.1338674058047617,0.001342705297706114,0.13137529310503165,0.1341178731012893,0.0,0.0,0.0,0.0,0.0,0.0007347822894793331,0.0,0.0,0.0,0.0,0.0,0.0,0.12047796907334288,0.0014542090164998914,0.12016869899611853,0.12286092736455115,0.12663248767082663,0.0008634064542838842,0.12540907313156713,0.127073827265698,0.12086996942323551,0.001103126100650486,0.1198276940163489,0.12177480621157538,0.12681347107708332,0.0008110125240948526,0.12559101185790034,0.12715884498188942,0.0,0.003824416347720997,0.0,0.006120594647794,0.12695404172412308,0.0008660809540354295,0.12568952674060035,0.1273905689940919,,,,,,,,,,,,,,,,,,,,,,,,,,,,
845 Naema (A916 WM),Excluded,"Featureless spectrum lacking diagnostic absorption bands (Band I depth = 0.0000 < 0.0150, Band II depth = 0.0000 < 0.0150)",C,NEOWISE Diameter-Porosity Model,N/A,,,,,,,,,,2.8,0.4,,,Excluded,,,,,,,,,,,,,,,,,,,,,,,,,,,,,,,,,,,,,,,,,,,,,,,,,,,,,,,,,,,,,,,,,,,,,,,,,,,,
5379 Abehiroshi (1991 HG),Analyzed,None,V,NEOWISE Diameter-Porosity Model,Stony/Metallic,0.0016159442211562689,1.0924282599723798,0.2284337047702516,0.08217829034647228,0.3597467826786924,-0.0008842635095128388,0.0003219484588372218,4.0200878248760015,0.03606117297421488,2.8,0.4,,,Not Calculated (Bulk density is a placeholder/model estimate),0.0,0.004803175160858658,0.0,0.0,0.15825149379816483,0.012323730172325461,0.14403831393171507,0.16902439882083126,0.20054373014748075,0.01694438861495323,0.19057961995643946,0.22580254984529236,0.0,0.0,0.0,0.0,0.0,0.002544391290021346,0.0,0.0,0.0,0.00041975431545734,0.0,0.0,0.17047039829394578,0.01938031269964768,0.174913899973732,0.2137078281021306,0.21294759398913737,0.00886412005035028,0.19024236696523356,0.20820595604407804,0.027482299193055167,0.019974139787431486,0.0,0.035224465968752186,0.0,0.006758621824351974,0.0,0.0,0.006213472911097209,0.006213113435335553,0.004467312248958315,0.015873184217299108,0.22409101166711887,0.010762433905218393,0.20038509491421744,0.22144272745316707,,,,,,,,,,,,,,,,,,,,,,,,,,,,
66 Maja (A861 GA),Excluded,Albedo too low for spectral feature discrimination (Albedo = 0.0160 < 0.03),Ch,NEOWISE Diameter-Porosity Model,N/A,,,,,,,,,,2.8,0.4,,,Excluded,,,,,,,,,,,,,,,,,,,,,,,,,,,,,,,,,,,,,,,,,,,,,,,,,,,,,,,,,,,,,,,,,,,,,,,,,,,,
7482 (1994 PC1),Analyzed,None,S,NEOWISE Diameter-Porosity Model,Stony/Metallic,0.0006640095135018312,1.0142875376360758,0.1852761708534748,0.028704870763333723,0.15493018142109002,-0.0008857821785596873,0.00019714567613297626,3.9794089737164557,0.0187314747297238,2.8,0.4,,,Not Calculated (Bulk density is a placeholder/model estimate),0.0,0.0020415860058571223,0.0,0.0,0.2018203774128095,0.005824289799848446,0.18998183679286745,0.2018037540457509,0.20400195595620615,0.008299629720107279,0.1952434169002901,0.2107423008513465,0.0,0.0,0.0,0.0,0.0,0.001023822582690321,0.0,0.0,0.0,0.0,0.0,0.0,0.15678614399745094,0.010931829081283814,0.15861446301987925,0.17933330268260625,0.2120182548960107,0.005957244211461853,0.19830055620520565,0.20986524791423228,0.0,0.004175292194822525,0.0,0.0,0.0,0.009972833124943797,0.0,0.020592923171611325,0.0,0.002748025517116582,0.0,0.0,0.22537326773752267,0.006567074645936566,0.2094470077481341,0.2231793263597184,,,,,,,,,,,,,,,,,,,,,,,,,,,,
29 Amphitrite (A854 EB),Analyzed,None,S,SiMDA Substring Match,Stony/Metallic,0.0007973820665314288,0.9066454525497185,0.05010387188588816,0.0,0.0,-0.0009860417430393423,0.00017551418674122224,4.033848621314098,0.01990065593784731,2.38,0.51,0.4099927331371517,0.12144466719938453,Valid,0.0,0.00046231871793990054,0.0,0.0,0.17746464256538996,0.00613088973419345,0.1672687861343106,0.1791784442058957,0.21480733665461815,0.007892258662794955,0.2064751199348813,0.2221641367773282,0.0,0.0,0.0,0.0,0.0,0.0016537779326428815,0.0,0.0,0.0,0.0,0.0,0.0,0.1586094673599026,0.010212399950631995,0.16233176133016888,0.18125360192168802,0.21730372200993353,0.006864076322755802,0.2047317996745508,0.21974846013048707,0.0,0.002092229600995184,0.0,0.0,0.0,0.0070606288950728745,0.0,0.0,0.0,0.002522659994094984,0.0,0.0,0.2318148314101557,0.006362025267237868,0.21993518933792267,0.23247704375308145,,,,,,,,,,,,,,,,,,,,,,,,,,,,
1866 Sisyphus (1972 XA),Analyzed,None,S,NEOWISE Diameter-Porosity Model,Stony/Metallic,0.0006410655054143975,0.9578543602516882,0.0,0.03349218492290196,,-0.0008679070691941072,0.00018464385010914455,3.971744082795194,0.0195211800425587,2.8,0.4,,,Not Calculated (Bulk density is a placeholder/model estimate),0.0,0.0020341730549293877,0.0,0.0,0.2029046689094118,0.005484916921699574,0.1911264060088785,0.2022062712721005,0.20015081501075693,0.008221066969654129,0.19242326070879565,0.20991555766153885,0.0,0.0,0.0,0.0,0.0,0.0016593517819553998,0.0,0.0,0.0,0.0,0.0,0.0,0.149690185732821,0.010690285865185077,0.15703931224067408,0.17639117536742918,0.21027836392100294,0.005374619929692506,0.19658433208005158,0.20776235040871738,0.013446372156570217,0.004146340795427905,0.0,0.0,0.0,0.01135476337237733,0.0,0.02782015773731283,0.0,0.0028762436855627495,0.0,0.0,0.22352959426943705,0.006652006307808258,0.20721507171118253,0.22008001423946225,,,,,,,,,,,,,,,,,,,,,,,,,,,,
1865 Cerberus (1971 UA),Analyzed,None,S,NEOWISE Diameter-Porosity Model,Stony/Metallic,0.0007764162510163086,0.9207616611675754,0.10914008828117217,0.0,0.0,-0.0010318931914337743,0.00016822439429826756,4.0411595490847985,0.020551101723662455,2.8,0.4,,,Not Calculated (Bulk density is a placeholder/model estimate),0.0,0.0009641937373660311,0.0,0.0,0.1725303726916008,0.0063979779539846205,0.16481267334831054,0.17676986253862936,0.21565878358300425,0.008621660170027337,0.20346609975229324,0.21926526928544812,0.0,0.0,0.0,0.0,0.0,0.001605017611662531,0.0,0.0,0.0,0.0,0.0,0.0,0.15640966928173497,0.010636062059392954,0.16026874852782028,0.18100933270976038,0.21766673714825532,0.006868121368197374,0.20227393238039085,0.2173016281349558,0.005925391458269468,0.004419494746863498,0.0,0.0008213189995325637,0.0,0.011192588328650424,0.0,0.024539211211773368,0.0,0.002886710542583323,0.0,0.005743234137198885,0.23180904583713527,0.007732616524973628,0.2149956159834055,0.23046168410498646,,,,,,,,,,,,,,,,,,,,,,,,,,,,
2 Pallas (A802 FA),Excluded,"Featureless spectrum lacking diagnostic absorption bands (Band I depth = 0.0000 < 0.0150, Band II depth = 0.0000 < 0.0150)",B,Radar / GM Measurement,N/A,,,,,,,,,,2.881,0.0,,,Excluded,,,,,,,,,,,,,,,,,,,,,,,,,,,,,,,,,,,,,,,,,,,,,,,,,,,,,,,,,,,,,,,,,,,,,,,,,,,,
32 Pomona (A854 UA),Analyzed,None,S,SiMDA Substring Match,Stony/Metallic,0.0007967853495571115,0.9341626444882265,0.08554524846867406,0.03573784644454059,0.41776541753371005,-0.0009741709728258605,0.0001998321777252181,4.038736808863773,0.022316439836610625,2.5,1.2,0.38099457372085344,0.27711034054018013,Valid,0.0,0.0009265207757102261,0.0,0.0,0.17481538545247388,0.006266746184585752,0.16531812046329597,0.1770361113593162,0.21437037661334318,0.00867048498911593,0.20467737520977916,0.22165293011614845,0.0,0.0,0.0,0.0,0.0,0.001721883169197404,0.0,0.0,0.0,0.0,0.0,0.0,0.15882735880389692,0.011215963673515569,0.1604140701855863,0.18182175570078102,0.21880873554584915,0.006352572042372209,0.20554546933120632,0.21942369607961312,0.0,0.004159353717895097,0.0,0.005516639767444614,0.0,0.007838384249417416,0.0,0.009657763842386544,0.0,0.0025567282091623145,0.0,0.005037286744540204,0.23317814358443692,0.006881497192683403,0.2189919717476877,0.2329123510754748,,,,,,,,,,,,,,,,,,,,,,,,,,,,
4558 Janesick (1988 NF),Analyzed,None,S,NEOWISE Diameter-Porosity Model,Stony/Metallic,0.000846244965795386,0.8755592376162027,0.08864184651496398,0.0,0.0,-0.0009540775697178638,0.00016208163356585254,4.073112135773449,0.02377661424498243,2.8,0.4,,,Not Calculated (Bulk density is a placeholder/model estimate),0.0,0.0015018918910298248,0.0,0.0,0.15820228172602935,0.008641639916299031,0.1456472011871959,0.1615975266192428,0.2202003020768176,0.008690746471874402,0.20642323189885292,0.22356889625331303,0.0,0.0,0.0,0.0,0.0,0.001821271663421673,0.0,0.0,0.0,0.0,0.0,0.0,0.16135884265949674,0.011201635538983037,0.16237667953077706,0.18461998104309507,0.22297257692108383,0.00741652361086468,0.2093890080536663,0.22514362696276952,0.0,0.009246775790272728,0.0,0.014878212643837764,0.0,0.007877742389748185,0.0,0.010723761270533394,0.0,0.002638947578582232,0.0,0.0,0.23726599661657258,0.007389820857943373,0.22281417212148177,0.23761418130145015,,,,,,,,,,,,,,,,,,,,,,,,,,,,
1021 Flammario (A924 EW),Excluded,Excessive bulk density uncertainty (> 50% relative error: 1.31 +/- 0.77 g/cm3),B,SiMDA Substring Match,N/A,,,,,,,,,,1.31,0.77,,,Excluded,,,,,,,,,,,,,,,,,,,,,,,,,,,,,,,,,,,,,,,,,,,,,,,,,,,,,,,,,,,,,,,,,,,,,,,,,,,,
6 Hebe (A847 NA),Analyzed,None,S,SiMDA Substring Match,Stony/Metallic,0.0007987321480434325,0.9139238291287424,0.07164570061119546,0.0,0.0,-0.0010136839284360728,0.00018431748401415295,4.036399433098266,0.020880295537491052,3.81,0.5,0.0560894522087686,0.08661435089017633,Valid,0.0,0.000798302613385276,0.0,0.0,0.17587934282757947,0.006523668295238385,0.16577880626416996,0.17796121043988675,0.21527507542335036,0.007922017671583254,0.2054107736583236,0.2208054286946666,0.0,0.0,0.0,0.0,0.0,0.001659322073939199,0.0,0.0,0.0,0.0,0.0,0.0,0.15900260231814797,0.009219842047810413,0.1622742378923827,0.17857122466258124,0.2178227608265048,0.006212820989412305,0.20645777325199013,0.21850880746671505,0.0,0.0034145117390127636,0.0,0.0,0.0,0.006066876996025751,0.0,0.008731436834578622,0.0,0.0025435556674224067,0.0,0.000834953490142257,0.2320202186044174,0.006641265218921253,0.21958217859893484,0.23330014200762778,,,,,,,,,,,,,,,,,,,,,,,,,,,,
4 Vesta (A807 FA),Analyzed,None,V,Radar / GM Measurement,Stony/Metallic,0.0015093156557203801,1.0604086541611057,0.11805688607109888,0.21697230370543674,1.8378623299852819,-0.0006617306930352537,0.0003731704980616003,4.096527315177739,0.04662065813495997,3.463,0.0,0.15464984520681802,0.009691932234346681,Valid,0.0,0.0,0.0,0.0,0.14388212136185438,0.009320154422751413,0.12907634312439725,0.1458360880730328,0.16994668073799638,0.018331863476599906,0.15558797363598723,0.18856606541939364,0.0,0.0,0.0,0.0,0.0,0.0016885824914267139,0.0,0.0,0.0,0.0007013285177911278,0.0,0.0,0.16572182940671631,0.02641137688230869,0.15124033887685856,0.20148200401549338,0.18353175998613494,0.011925512897705706,0.1576219822706287,0.18222930978838345,0.0,0.03341109810955181,0.0,0.0704926737522504,0.13114638810002288,0.008874586810532744,0.1172127149154726,0.13516221418189694,0.01100410294447715,0.007902955924897882,0.006758540567996139,0.02090893925172624,0.19476711746279793,0.015286457131998893,0.16276625302452485,0.19839533042975888,,,,,,,,,,,,,,,,,,,,,,,,,,,,
403 Cyane (A895 KA),Analyzed,None,S,NEOWISE Diameter-Porosity Model,Stony/Metallic,0.0008276951057811355,1.0791859342326402,0.14771025459131393,0.0,0.0,-0.0009506330086814951,0.00017828466525506438,4.0663146149352665,0.027888224218510373,2.8,0.4,,,Not Calculated (Bulk density is a placeholder/model estimate),0.0,0.001537213974621754,0.0,0.0,0.161082630331206,0.007556606580955194,0.15010988522934687,0.1658636150362847,0.21633258870740246,0.011181341786382228,0.20228775083264183,0.22393428889296949,0.0,0.0,0.0,0.0,0.0,0.001060402886847146,0.0,0.0,0.0,0.0,0.0,0.0,0.16095845637925402,0.011332381651008564,0.16326381960175085,0.18271201182154173,0.22349460298515936,0.007607300014423431,0.20946958051056913,0.22396610867193043,0.0,0.0055514117486608365,0.0,0.007052776165576127,0.0,0.00935072355978703,0.0,0.0159776030884091,0.0,0.0024795643035990006,0.0,0.0,0.23813172159697807,0.007790111652439854,0.22239344280355666,0.23870768725504807,,,,,,,,,,,,,,,,,,,,,,,,,,,,
377 Campania (A893 SD),Excluded,Excessive bulk density uncertainty (> 50% relative error: 0.91 +/- 0.56 g/cm3),Ch,SiMDA Substring Match,N/A,,,,,,,,,,0.91,0.56,,,Excluded,,,,,,,,,,,,,,,,,,,,,,,,,,,,,,,,,,,,,,,,,,,,,,,,,,,,,,,,,,,,,,,,,,,,,,,,,,,,
213 Lilaea (A880 DA),Excluded,Excessive bulk density uncertainty (> 50% relative error: 0.77 +/- 0.42 g/cm3),B,SiMDA Substring Match,N/A,,,,,,,,,,0.77,0.42,,,Excluded,,,,,,,,,,,,,,,,,,,,,,,,,,,,,,,,,,,,,,,,,,,,,,,,,,,,,,,,,,,,,,,,,,,,,,,,,,,,
153 Hilda (A875 VC),Excluded,"Featureless spectrum lacking diagnostic absorption bands (Band I depth = 0.0105 < 0.0150, Band II depth = 0.0000 < 0.0150)",X,NEOWISE Diameter-Porosity Model,N/A,,,,,,,,,,2.8,0.4,,,Excluded,,,,,,,,,,,,,,,,,,,,,,,,,,,,,,,,,,,,,,,,,,,,,,,,,,,,,,,,,,,,,,,,,,,,,,,,,,,,
3873 Roddy (1984 WB),Analyzed,None,S,NEOWISE Diameter-Porosity Model,Stony/Metallic,0.0008563627100928593,1.0851662735602023,0.12580905482633098,0.05458175778351049,0.43384602053370563,-0.0009566135788731971,0.00018349179236788708,4.06530330480597,0.02350065140218181,2.8,0.4,,,Not Calculated (Bulk density is a placeholder/model estimate),0.0,0.0,0.0,0.0,0.1616602532485286,0.007569440630773369,0.14857563122493198,0.16463542980164908,0.21819435482749677,0.008895091732949141,0.20894020263748062,0.22739119666160335,0.0,0.0,0.0,0.0,0.0,0.0015690236542599911,0.0,0.0,0.0,0.0,0.0,0.0,0.16146944271522393,0.012097226122045434,0.16362708494716985,0.18687928457026637,0.2219915601736764,0.006733519416083502,0.20987036815573654,0.22239203897409254,0.0,0.004375009450136997,0.0,0.0,0.0,0.005914224408922753,0.0,0.0,0.0,0.002833115586159029,0.0,0.005081392084362083,0.23668438903507433,0.00638146812209353,0.22417279603718612,0.23646331563039336,,,,,,,,,,,,,,,,,,,,,,,,,,,,
58 Concordia (A860 FA),Excluded,Excessive bulk density uncertainty (> 50% relative error: 0.63 +/- 0.32 g/cm3),Ch,SiMDA Substring Match,N/A,,,,,,,,,,0.63,0.32,,,Excluded,,,,,,,,,,,,,,,,,,,,,,,,,,,,,,,,,,,,,,,,,,,,,,,,,,,,,,,,,,,,,,,,,,,,,,,,,,,,
1980 Tezcatlipoca (1950 LA),Analyzed,None,Sl,NEOWISE Diameter-Porosity Model,Stony/Metallic,0.002239311642293163,1.219310949840645,0.0,0.05309526842645185,,-0.00040488332340834083,0.0005489584539910497,3.76761673020083,0.11655449444823682,2.8,0.4,,,Not Calculated (Bulk density is a placeholder/model estimate),0.06349918362221892,0.03204784034157208,0.05612233289821322,0.11602116249757607,0.0,0.04287357516346258,0.0,0.09330650877275143,0.06478750066678039,0.05911545354679225,0.0,0.15661536028050832,0.0,0.0006639672089447246,0.0,0.0,0.0,0.0021094699708849125,0.0,0.0,0.0,0.0019642756820620866,0.0,0.0,0.28651530654601715,0.11283136476880912,0.1510587838231333,0.3664788489962044,0.13201838830643783,0.04142052254473673,0.0907030193108146,0.15122935199447926,0.3047358357910794,0.0679357172622842,0.19627169206290565,0.3177755683472999,0.0,0.0,0.0,0.0,0.02740399116656774,0.01612610593844055,0.01237971676132978,0.04329529473452469,0.12103979390089878,0.04058181519927038,0.08592114669365856,0.1454630716382354,,,,,,,,,,,,,,,,,,,,,,,,,,,,
51 Nemausa (A858 BA),Excluded,"Featureless spectrum lacking diagnostic absorption bands (Band I depth = 0.0000 < 0.0150, Band II depth = 0.0000 < 0.0150)",Ch,SiMDA Substring Match,N/A,,,,,,,,,,1.43,0.5,,,Excluded,,,,,,,,,,,,,,,,,,,,,,,,,,,,,,,,,,,,,,,,,,,,,,,,,,,,,,,,,,,,,,,,,,,,,,,,,,,,
2099 Opik (1977 VB),Excluded,"Featureless spectrum lacking diagnostic absorption bands (Band I depth = 0.0112 < 0.0150, Band II depth = 0.0000 < 0.0150)",Ch,NEOWISE Diameter-Porosity Model,N/A,,,,,,,,,,2.8,0.4,,,Excluded,,,,,,,,,,,,,,,,,,,,,,,,,,,,,,,,,,,,,,,,,,,,,,,,,,,,,,,,,,,,,,,,,,,,,,,,,,,,
2378 Pannekoek (1935 CY),Excluded,"Featureless spectrum lacking diagnostic absorption bands (Band I depth = 0.0042 < 0.0150, Band II depth = 0.0034 < 0.0150)",Cgh,NEOWISE Diameter-Porosity Model,N/A,,,,,,,,,,2.8,0.4,,,Excluded,,,,,,,,,,,,,,,,,,,,,,,,,,,,,,,,,,,,,,,,,,,,,,,,,,,,,,,,,,,,,,,,,,,,,,,,,,,,
79 Eurynome (A863 RA),Excluded,Excessive bulk density uncertainty (> 50% relative error: 2.36 +/- 1.39 g/cm3),S,SiMDA Substring Match,N/A,,,,,,,,,,2.36,1.39,,,Excluded,,,,,,,,,,,,,,,,,,,,,,,,,,,,,,,,,,,,,,,,,,,,,,,,,,,,,,,,,,,,,,,,,,,,,,,,,,,,
679 Pax (A909 BR),Excluded,"Featureless spectrum lacking diagnostic absorption bands (Band I depth = 0.0104 < 0.0150, Band II depth = 0.0000 < 0.0150)",K,SiMDA Substring Match,N/A,,,,,,,,,,4.99,1.62,,,Excluded,,,,,,,,,,,,,,,,,,,,,,,,,,,,,,,,,,,,,,,,,,,,,,,,,,,,,,,,,,,,,,,,,,,,,,,,,,,,
72 Feronia (A861 KA),Excluded,Unphysical bulk density exceeding solid iron limit (Bulk_Density = 10.71 g/cm3 > 8.0 g/cm3),D,SiMDA Substring Match,N/A,,,,,,,,,,10.71,27.44,,,Excluded,,,,,,,,,,,,,,,,,,,,,,,,,,,,,,,,,,,,,,,,,,,,,,,,,,,,,,,,,,,,,,,,,,,,,,,,,,,,
78 Diana (A863 EA),Excluded,"Featureless spectrum lacking diagnostic absorption bands (Band I depth = 0.0000 < 0.0150, Band II depth = 0.0000 < 0.0150)",Ch,SiMDA Substring Match,N/A,,,,,,,,,,1.28,0.19,,,Excluded,,,,,,,,,,,,,,,,,,,,,,,,,,,,,,,,,,,,,,,,,,,,,,,,,,,,,,,,,,,,,,,,,,,,,,,,,,,,
3691 Bede (1982 FT),Excluded,"Featureless spectrum lacking diagnostic absorption bands (Band I depth = 0.0080 < 0.0150, Band II depth = 0.0000 < 0.0150)",Xc,NEOWISE Diameter-Porosity Model,N/A,,,,,,,,,,2.8,0.4,,,Excluded,,,,,,,,,,,,,,,,,,,,,,,,,,,,,,,,,,,,,,,,,,,,,,,,,,,,,,,,,,,,,,,,,,,,,,,,,,,,
54 Alexandra (A858 RA),Excluded,Excessive bulk density uncertainty (> 50% relative error: 3.50 +/- 2.11 g/cm3),C,SiMDA Substring Match,N/A,,,,,,,,,,3.5,2.11,,,Excluded,,,,,,,,,,,,,,,,,,,,,,,,,,,,,,,,,,,,,,,,,,,,,,,,,,,,,,,,,,,,,,,,,,,,,,,,,,,,
984 Gretia (A922 QD),Analyzed,None,Sr,NEOWISE Diameter-Porosity Model,Stony/Metallic,0.0018111352188242655,1.1256009810108898,0.3189290051239524,0.00398733184016431,0.012502255285983241,-0.0009032836220992324,0.00045593587827382056,3.861112115886719,0.07979035057126863,2.8,0.4,,,Not Calculated (Bulk density is a placeholder/model estimate),0.10018149627247853,0.022489290642080426,0.07649461389106013,0.10974440179262823,0.082508121895298,0.03129505712255159,0.055773488012330605,0.09598242626967539,0.11985328841352087,0.03507457013557905,0.10689491878603594,0.1522482704706785,0.0,0.0004328804392815036,0.0,0.0,0.0,0.0021560081734807025,0.0,0.0,0.0,0.00047297473168949846,0.0,0.0,0.13151620205061185,0.05817907065236472,0.0942465389741187,0.17986434646789853,0.1375609712314562,0.018461687606414187,0.11968912781874745,0.14804289978229251,0.19871216007492049,0.04818971536578064,0.177129343960581,0.22584719594367114,0.0,0.0,0.0,0.0,0.09627785891205577,0.01311446819783302,0.08268821003159799,0.10902895746018026,0.13338990114965832,0.018288461533306256,0.11524500612652426,0.14478813767306126,,,,,,,,,,,,,,,,,,,,,,,,,,,,
88 Thisbe (A866 LA),Analyzed,None,B,SiMDA Substring Match,Primitive/Aqueous,0.00044190658375773003,0.7417381319298257,0.0370392053548777,0.0,0.0,-0.0005232145513277281,0.0001364733325374291,2.358263523727931,0.004989233445869454,3.44,0.84,,0.16420993032129175,Unconstrained (Measured bulk density exceeds grain density),,,,,,,,,,,,,,,,,,,,,,,,,,,,,,,,,,,,,,,,,,,,,,,,,0.0,0.0,0.0,0.0,0.0,0.0,0.0,0.0,0.212057038477464,0.0034123397552639893,0.20836553831513258,0.2149678676987431,0.21106438474571418,0.0028899803415882385,0.20867318703251145,0.2144005509505174,0.1963980679588275,0.0033038886261386883,0.1933687364910876,0.1998625022271788,0.2012809948440047,0.0032810624586956283,0.19767919427326544,0.20370071163764036,0.17919951397398975,0.003414814407615126,0.17593798162200186,0.18273922667369683
145 Adeona (A875 LB),Excluded,"Featureless spectrum lacking diagnostic absorption bands (Band I depth = 0.0000 < 0.0150, Band II depth = 0.0000 < 0.0150)",Ch,SiMDA Substring Match,N/A,,,,,,,,,,1.18,0.34,,,Excluded,,,,,,,,,,,,,,,,,,,,,,,,,,,,,,,,,,,,,,,,,,,,,,,,,,,,,,,,,,,,,,,,,,,,,,,,,,,,
22 Kalliope (A852 WA),Excluded,"Featureless spectrum lacking diagnostic absorption bands (Band I depth = 0.0000 < 0.0150, Band II depth = 0.0000 < 0.0150)",X,SiMDA Substring Match,N/A,,,,,,,,,,3.08,0.58,,,Excluded,,,,,,,,,,,,,,,,,,,,,,,,,,,,,,,,,,,,,,,,,,,,,,,,,,,,,,,,,,,,,,,,,,,,,,,,,,,,
308 Polyxo (A891 FA),Excluded,Excessive bulk density uncertainty (> 50% relative error: 3.06 +/- 1.76 g/cm3),T,SiMDA Substring Match,N/A,,,,,,,,,,3.06,1.76,,,Excluded,,,,,,,,,,,,,,,,,,,,,,,,,,,,,,,,,,,,,,,,,,,,,,,,,,,,,,,,,,,,,,,,,,,,,,,,,,,,
44 Nysa (A857 KA),Excluded,"Featureless spectrum lacking diagnostic absorption bands (Band I depth = 0.0095 < 0.0150, Band II depth = 0.0000 < 0.0150)",Xc,SiMDA Substring Match,N/A,,,,,,,,,,2.2,1.1,,,Excluded,,,,,,,,,,,,,,,,,,,,,,,,,,,,,,,,,,,,,,,,,,,,,,,,,,,,,,,,,,,,,,,,,,,,,,,,,,,,
152931 (2000 EA107),Analyzed,None,Q,NEOWISE Diameter-Porosity Model,Stony/Metallic,0.0009629488789316969,1.068804602618856,0.24669020300088262,0.06849248146013087,0.277645729854484,-0.0007482931416121813,0.00021148501228411903,4.0108605230148235,0.02548417187150429,2.8,0.4,,,Not Calculated (Bulk density is a placeholder/model estimate),0.0,0.0,0.0,0.0,0.15313117888432412,0.00755607798666805,0.14183587093826336,0.1558095960768845,0.15088330814510245,0.010398021563031072,0.1436683445661625,0.16407248931662183,0.0,0.0,0.0,0.0,0.0,0.0020815977679368744,0.0,0.0,0.0,0.0,0.0,0.0,0.12505917810125367,0.014180144853826002,0.12399998169280375,0.1503631962687523,0.16328298923696602,0.006208707869063068,0.15324615850729834,0.16558605061259174,0.09884735484741955,0.0057997236625313715,0.0916416719830107,0.10273009386119662,0.11973977416932285,0.006533263531254751,0.1111709004383469,0.1232821076280127,0.021560748320036193,0.0052509745989302095,0.015904478952117978,0.02694706668473238,0.1674954682955751,0.006266636061759946,0.1570265506666324,0.17003257074434933,,,,,,,,,,,,,,,,,,,,,,,,,,,,
339 Dorothea (A892 SC),Analyzed,None,K,NEOWISE Diameter-Porosity Model,Stony/Metallic,0.0008005212296907134,0.9236421749002944,0.07147014952523023,0.0,0.0,-0.0010833690499159267,0.0001886343996867124,4.036080154840552,0.022542050082734754,2.8,0.4,,,Not Calculated (Bulk density is a placeholder/model estimate),0.0,0.0,0.0,0.0,0.17648714084143516,0.006325760759911155,0.1645099066346989,0.17831600722342095,0.21509606164265255,0.0084147043159599,0.20489727445417252,0.22199280758782589,0.0,0.0,0.0,0.0,0.0,0.002080272659814301,0.0,0.0,0.0,0.0,0.0,0.0,0.1586127628642508,0.012044211890070256,0.16245256578669354,0.18705479590820842,0.21762767468739275,0.006779183605048605,0.20439826259639832,0.21820852863520387,0.0,0.0025613727802943163,0.0,0.0,0.0,0.008066098965508778,0.0,0.012809671447380098,0.0,0.002848051551390121,0.0,0.005384118078576273,0.23217635996426875,0.007271055748971659,0.21700561118846404,0.2316851076115782,,,,,,,,,,,,,,,,,,,,,,,,,,,,
141 Lumen (A875 AA),Excluded,Excessive bulk density uncertainty (> 50% relative error: 6.95 +/- 4.93 g/cm3),Ch,SiMDA Substring Match,N/A,,,,,,,,,,6.95,4.93,,,Excluded,,,,,,,,,,,,,,,,,,,,,,,,,,,,,,,,,,,,,,,,,,,,,,,,,,,,,,,,,,,,,,,,,,,,,,,,,,,,
631 Philippina (A907 FD),Analyzed,None,S,NEOWISE Diameter-Porosity Model,Stony/Metallic,0.0006767091929778448,0.9998881303858383,0.09996545877033214,0.043141865323663375,0.4315677220346741,-0.0009388078415865617,0.00021538699224938213,3.9857353360499563,0.01973571684360023,2.8,0.4,,,Not Calculated (Bulk density is a placeholder/model estimate),0.0,0.000848485698491739,0.0,0.0,0.20243017086843224,0.006319198906796527,0.19207513879438742,0.20364448939475557,0.20856248428242954,0.009164745030316408,0.19454762303363432,0.21228750283572584,0.0,0.0,0.0,0.0,0.0,0.0017631525618769734,0.0,0.0,0.0,0.0,0.0,0.0,0.1526358972786207,0.012226909215236973,0.15357231382945336,0.1757823366948474,0.21137478790911896,0.006131823543395114,0.19918461296853718,0.21141369379534286,0.0,0.005378547633903169,0.0,0.005216148020104446,0.0,0.009007736726512719,0.0,0.01811032317985547,0.0,0.002845205527246803,0.0,0.005157484313176526,0.2249966596613985,0.007229517765529995,0.21108916419859244,0.22587112780647672,,,,,,,,,,,,,,,,,,,,,,,,,,,,
25 Phocaea (A853 GB),Analyzed,None,S,SiMDA Substring Match,Stony/Metallic,0.0007765414801204746,0.9201650686505419,0.13396980920479862,0.0,0.0,-0.0010466728280197073,0.00018719046458539696,4.039124299116656,0.01852947941923851,2.21,0.44,0.45285169845272644,0.1116213711796847,Valid,0.0,0.0015096556669659256,0.0,0.0,0.1733150329740837,0.005478269192521458,0.16312887995128086,0.17532120468432733,0.21641999214011154,0.00807359410774453,0.20523427832394742,0.22147355825807696,0.0,0.0,0.0,0.0,0.0,0.0017111060356859774,0.0,0.0,0.0,0.0,0.0,0.0,0.16103879041932878,0.009036794191942955,0.1642313417225315,0.18173958856481898,0.21768330998425053,0.006427833995409695,0.2030445667197325,0.21603115120566532,0.0,0.005534293832764375,0.0,0.007454902594098535,0.0,0.008951211680225096,0.0,0.015468618960455802,0.0,0.002826847224811581,0.0,0.005646344615414974,0.2315428744822255,0.006091624911352463,0.21763317745969243,0.23053356846151943,,,,,,,,,,,,,,,,,,,,,,,,,,,,
160 Una (A876 DA),Excluded,Excessive bulk density uncertainty (> 50% relative error: 1.91 +/- 0.97 g/cm3),C,SiMDA Substring Match,N/A,,,,,,,,,,1.91,0.97,,,Excluded,,,,,,,,,,,,,,,,,,,,,,,,,,,,,,,,,,,,,,,,,,,,,,,,,,,,,,,,,,,,,,,,,,,,,,,,,,,,
47 Aglaja (A857 RA),Excluded,Excessive bulk density uncertainty (> 50% relative error: 2.17 +/- 1.19 g/cm3),B,SiMDA Substring Match,N/A,,,,,,,,,,2.17,1.19,,,Excluded,,,,,,,,,,,,,,,,,,,,,,,,,,,,,,,,,,,,,,,,,,,,,,,,,,,,,,,,,,,,,,,,,,,,,,,,,,,,
596 Scheila (A906 DL),Excluded,Excessive bulk density uncertainty (> 50% relative error: 3.42 +/- 2.63 g/cm3),T,SiMDA Substring Match,N/A,,,,,,,,,,3.42,2.63,,,Excluded,,,,,,,,,,,,,,,,,,,,,,,,,,,,,,,,,,,,,,,,,,,,,,,,,,,,,,,,,,,,,,,,,,,,,,,,,,,,
121 Hermione (A872 JA),Excluded,Excessive bulk density uncertainty (> 50% relative error: 1.31 +/- 0.77 g/cm3),Ch,SiMDA Substring Match,N/A,,,,,,,,,,1.31,0.77,,,Excluded,,,,,,,,,,,,,,,,,,,,,,,,,,,,,,,,,,,,,,,,,,,,,,,,,,,,,,,,,,,,,,,,,,,,,,,,,,,,
534 Nassovia (A904 HD),Analyzed,None,Sq,NEOWISE Diameter-Porosity Model,Stony/Metallic,0.0008544666845266245,1.0901327451102367,0.09688699360341158,0.0,0.0,-0.0009719048666886674,0.00018355767281234118,4.065005314106109,0.02496379257623744,2.8,0.4,,,Not Calculated (Bulk density is a placeholder/model estimate),0.0,0.0,0.0,0.0,0.1615306024841237,0.007051657386021088,0.15007748881385272,0.16336960336576853,0.2159643005971194,0.00840136870498115,0.20893831277412409,0.2255192972292018,0.0,0.0,0.0,0.0,0.0,0.0014004634378825538,0.0,0.0,0.0,0.0,0.0,0.0,0.16140505718567902,0.012138285619381814,0.16229731268176384,0.1869901219806355,0.22310054091361403,0.006821367218655414,0.21002929975179463,0.22517615204918742,0.0,0.004927572242448613,0.0,0.0,0.0,0.005409033985990156,0.0,0.0,0.0,0.002655805208474941,0.0,0.0,0.23799949881946383,0.007090552618876482,0.22295334575556652,0.23783948628153795,,,,,,,,,,,,,,,,,,,,,,,,,,,,
1917 Cuyo (1968 AA),Analyzed,None,Sl,NEOWISE Diameter-Porosity Model,Stony/Metallic,0.0008810791953312074,1.059737664587416,0.08699201741654572,0.0,0.0,-0.0006263170506391748,0.00019162311493134114,3.8861764757576807,0.0028208345448948757,2.8,0.4,,,Not Calculated (Bulk density is a placeholder/model estimate),0.12198266638626931,0.0007893373570077376,0.12113925724909735,0.1223539471779307,0.12209174596139732,0.0008211338291798885,0.12093789083791948,0.1225811179373329,0.1338408768872984,0.0013714608725687784,0.1314134849796758,0.13413634529509644,0.0,0.0,0.0,0.0,0.0,0.0008573843932526338,0.0,0.0,0.0,0.0,0.0,0.0,0.12048005150737821,0.0012400187268563417,0.12013163493295412,0.12255122533583378,0.12663008797681313,0.0007859398499138701,0.12567476178919004,0.12718228327530162,0.12125344848336507,0.0009570637469684213,0.12020689601141239,0.12209576093376581,0.12679019656706908,0.0007278464231710272,0.1257353356685111,0.1272748508166213,0.0,0.0029583127792704752,0.0,0.0052871717049389096,0.12693092623040955,0.0007420341569078861,0.12602802050331863,0.12738521315437354,,,,,,,,,,,,,,,,,,,,,,,,,,,,
11398 (1998 YP11),Analyzed,None,Sr,NEOWISE Diameter-Porosity Model,Stony/Metallic,0.0006813303437107949,0.9832299463272737,0.11015049631764329,0.0,0.0,-0.0006180383528020253,0.00015100220942304042,3.879126907947483,0.003401367789509063,2.8,0.4,,,Not Calculated (Bulk density is a placeholder/model estimate),0.12593670686127903,0.0008456011028458377,0.1245516390256352,0.12613770183482823,0.12166785369551066,0.0008024516223391991,0.12038292321233102,0.12205480750513018,0.1290272384747644,0.0018426958583137897,0.12828497397959,0.13233458394097136,0.0,0.0,0.0,0.0,0.0,0.0006711603343774625,0.0,0.0,0.0,0.0,0.0,0.0,0.11807298077602128,0.0012459773538218953,0.11830556903728483,0.12084763296336323,0.12667625163976495,0.0007294279169931431,0.1254286137272682,0.1268573810169485,0.12507838644739097,0.001109379373013937,0.12333578656928913,0.12559668517312364,0.1267736835392455,0.0006806072651987071,0.1256195519517767,0.12698744106994814,0.0,0.0020206798851774652,0.0,0.0,0.12676689856602325,0.0007069087859769861,0.12564643634428793,0.12704484296739538,,,,,,,,,,,,,,,,,,,,,,,,,,,,
1332 Marconia (1934 AA),Excluded,"Featureless spectrum lacking diagnostic absorption bands (Band I depth = 0.0074 < 0.0150, Band II depth = 0.0000 < 0.0150)",Ld,NEOWISE Diameter-Porosity Model,N/A,,,,,,,,,,2.8,0.4,,,Excluded,,,,,,,,,,,,,,,,,,,,,,,,,,,,,,,,,,,,,,,,,,,,,,,,,,,,,,,,,,,,,,,,,,,,,,,,,,,,
720 Bohlinia (A911 UL),Analyzed,None,Sq,SiMDA Substring Match,Stony/Metallic,0.0008569717166720195,1.0890407603471204,0.09483369973760725,0.04635093747665642,0.4887601939490239,-0.0010904559391852924,0.00021951535019532834,4.068959486442477,0.023367300466292148,2.74,0.56,0.3266091714283438,0.12862696450884079,Valid,0.0,0.0,0.0,0.0,0.16048897853424432,0.007996148123781827,0.1483162545213835,0.1640210114539573,0.22147611629336977,0.009252530819508895,0.21003397995912176,0.22859149290426942,0.0,0.0,0.0,0.0,0.0,0.0016637311355047985,0.0,0.0,0.0,0.0,0.0,0.0,0.16189170556841667,0.01170481984875525,0.16159903080159072,0.18438580340095523,0.22063378830981167,0.006532239194622301,0.20970829336144156,0.22161801051155403,0.0,0.0036824142386054685,0.0,0.0,0.0,0.0049020155532480654,0.0,0.0,0.0,0.0034015231978016913,0.0,0.006332556988438036,0.23550941129415756,0.006465034874915769,0.22426465127956358,0.2365267816429076,,,,,,,,,,,,,,,,,,,,,,,,,,,,
36 Atalante (A855 TA),Excluded,Albedo too low for spectral feature discrimination (Albedo = 0.0290 < 0.03),C,SiMDA Substring Match,N/A,,,,,,,,,,6.17,5.48,,,Excluded,,,,,,,,,,,,,,,,,,,,,,,,,,,,,,,,,,,,,,,,,,,,,,,,,,,,,,,,,,,,,,,,,,,,,,,,,,,,
219071 (1997 US9),Analyzed,None,Q,NEOWISE Diameter-Porosity Model,Stony/Metallic,0.0009793982307430937,1.0130682421165778,0.2157588577472237,0.0,0.0,-0.0010263568526964275,0.00019102436876034095,4.045425690243266,0.027459454799258095,2.8,0.4,,,Not Calculated (Bulk density is a placeholder/model estimate),0.0,0.009310253882838284,0.0,0.02017140421501192,0.15367857810223312,0.010207877721575111,0.14832306549003751,0.16759781791014683,0.20308653725032846,0.009757674030925435,0.19554854181377854,0.21385630368644334,0.0,0.0,0.0,0.0,0.0,0.0021256076421197058,0.0,0.0,0.0,0.0,0.0,0.0,0.15401637089184506,0.013956990906007048,0.15769395396925054,0.18549553654842948,0.2143740519387973,0.008636360718788268,0.1985912461959657,0.21423026289983557,0.03348901410763767,0.01576128360572778,0.0,0.032346672228899566,0.0,0.009729397005869514,0.0,0.016630960476522585,0.015617223940941536,0.0037992081601898745,0.010657744676722458,0.01812711766890492,0.2257382237682168,0.00792416029568399,0.20948017590694543,0.2236912973025093,,,,,,,,,,,,,,,,,,,,,,,,,,,,
7889 (1994 LX),Excluded,"Featureless spectrum lacking diagnostic absorption bands (Band I depth = 0.0000 < 0.0150, Band II depth = 0.0000 < 0.0150)",V,NEOWISE Diameter-Porosity Model,N/A,,,,,,,,,,2.8,0.4,,,Excluded,,,,,,,,,,,,,,,,,,,,,,,,,,,,,,,,,,,,,,,,,,,,,,,,,,,,,,,,,,,,,,,,,,,,,,,,,,,,
1076 Viola (1926 TE),Excluded,Excessive bulk density uncertainty (> 50% relative error: 1.31 +/- 0.77 g/cm3),C,SiMDA Substring Match,N/A,,,,,,,,,,1.31,0.77,,,Excluded,,,,,,,,,,,,,,,,,,,,,,,,,,,,,,,,,,,,,,,,,,,,,,,,,,,,,,,,,,,,,,,,,,,,,,,,,,,,
99942 Apophis (2004 MN4),Analyzed,None,Sq,NEOWISE Diameter-Porosity Model,Stony/Metallic,0.0009528881689403605,1.0352318723664016,0.14329247760791963,0.009843253125839224,0.06869343939165162,-0.0007875143171968578,0.00015374625610218169,4.044761492812093,0.027712366980308566,2.8,0.4,,,Not Calculated (Bulk density is a placeholder/model estimate),0.0,0.012791908003551627,0.0,0.0,0.1234235060887531,0.006152920736118705,0.11686748629008162,0.12881123729412752,0.15513434696924042,0.008322768512235342,0.14974973236162287,0.1646763029228122,0.0,0.0,0.0,0.0,0.0,0.0014511930288732416,0.0,0.0,0.0,0.0,0.0,0.0,0.147071125289034,0.011104909018303103,0.14032222696893534,0.16030673634750056,0.16492469632596704,0.006870898525256202,0.15762107658239355,0.16837207753358127,0.10116340820765596,0.006168731656277577,0.0954283335274312,0.10611106735913792,0.12102210916430346,0.0062740780773085,0.1133109476066267,0.12604291213869012,0.018148557881710884,0.0035874008552707307,0.013820314151134055,0.020685979494554523,0.1691122500733352,0.007364403435126013,0.16179376426207068,0.17366120255140235,,,,,,,,,,,,,,,,,,,,,,,,,,,,
162998 (2001 SK162),Excluded,"Featureless spectrum lacking diagnostic absorption bands (Band I depth = 0.0000 < 0.0150, Band II depth = 0.0000 < 0.0150)",T,NEOWISE Diameter-Porosity Model,N/A,,,,,,,,,,2.8,0.4,,,Excluded,,,,,,,,,,,,,,,,,,,,,,,,,,,,,,,,,,,,,,,,,,,,,,,,,,,,,,,,,,,,,,,,,,,,,,,,,,,,
302 Clarissa (A890 VA),Excluded,"Featureless spectrum lacking diagnostic absorption bands (Band I depth = 0.0000 < 0.0150, Band II depth = 0.0000 < 0.0150)",F,NEOWISE Diameter-Porosity Model,N/A,,,,,,,,,,2.8,0.4,,,Excluded,,,,,,,,,,,,,,,,,,,,,,,,,,,,,,,,,,,,,,,,,,,,,,,,,,,,,,,,,,,,,,,,,,,,,,,,,,,,
438 Zeuxo (A898 VG),Excluded,"Featureless spectrum lacking diagnostic absorption bands (Band I depth = 0.0000 < 0.0150, Band II depth = 0.0000 < 0.0150)",F:,NEOWISE Diameter-Porosity Model,N/A,,,,,,,,,,2.8,0.4,,,Excluded,,,,,,,,,,,,,,,,,,,,,,,,,,,,,,,,,,,,,,,,,,,,,,,,,,,,,,,,,,,,,,,,,,,,,,,,,,,,
10115 (1992 SK),Analyzed,None,S:,NEOWISE Diameter-Porosity Model,Stony/Metallic (Auto-AIC),0.0005621036240903693,0.8923957574199243,0.09165657697381491,0.03249979337514797,0.3545822291010577,-0.00046279790271956087,0.00013397051512590446,3.8798541023130424,0.00278136727306878,2.8,0.4,,,Not Calculated (Bulk density is a placeholder/model estimate),0.12434544092276725,0.0006784190198926107,0.12361493111050888,0.12490964166338489,0.11989321335420525,0.0007597302426852573,0.11871639785538791,0.12035543637101358,0.12595109038225663,0.0015281474901456778,0.12551158000127252,0.1287758668655712,0.0,0.0,0.0,0.0,0.0,0.0,0.0,0.0,0.0,0.0,0.0,0.0,0.11975035988084208,0.0009439713351841348,0.11901196119927991,0.12082929022239319,0.12434544081991704,0.0006850205561193548,0.1235170451630886,0.12497746667114265,0.12434544178880207,0.0007233366425010708,0.12356789122102668,0.12489891983486678,0.12434544132290246,0.0007079994999813945,0.12363291024665238,0.12496928897443417,0.012678129850301426,0.0030725158565172374,0.009554771244231512,0.015447589567202226,0.12434544167800582,0.0006943540602667743,0.1235440195784749,0.12502055181744814,,,,,,,,,,,,,,,,,,,,,,,,,,,,
9 Metis (A848 HA),Analyzed,None,S,SiMDA Substring Match,Stony/Metallic,0.0005912470412551442,0.9363565651843929,0.07665532915858753,0.0,0.0,-0.0006577588188334523,0.00013302542262775278,3.8780662039423857,0.002344279115862229,3.6,0.87,0.07170228390111222,0.15193404757272266,Valid,0.12636332868002284,0.0006420118540471602,0.12550252682300936,0.12670474896037787,0.12152840458365989,0.0006021575354794236,0.12086537996261759,0.12197557468869712,0.1290504578806745,0.0009052874898763494,0.1283459257386207,0.12969102827640697,0.0,0.0,0.0,0.0,0.0,0.0004444760646972339,0.0,0.0,0.0,0.0,0.0,0.0,0.1175967588233734,0.0008365957601054811,0.11766386001124524,0.11930026586806758,0.12636352730799735,0.0005673835013804469,0.1255301045894437,0.12660502032845242,0.12637163856255376,0.0006193067545955528,0.125565568815948,0.1267465545657873,0.12636275531545307,0.0006248510490888255,0.1256759018669192,0.12688183336377545,0.0,0.0014945375449488627,0.0,0.0,0.12636312884626513,0.0005775307047269912,0.12547582143267305,0.12656652506610983,,,,,,,,,,,,,,,,,,,,,,,,,,,,
324 Bamberga (A892 DA),Analyzed,None,Cb,SiMDA Substring Match,Primitive/Aqueous,0.0009483829303058881,1.0859136295883391,0.018249176728869276,0.0,,-0.0002139076692004349,0.0002035959458501752,2.3532733302740465,0.009546825121270931,1.52,0.2,0.3540911799552876,0.08587170977171528,Valid,,,,,,,,,,,,,,,,,,,,,,,,,,,,,,,,,,,,,,,,,,,,,,,,,0.0,0.0,0.0,0.0,0.0,0.0,0.0,0.0,0.21660754977968288,0.006452852485337295,0.21093933100250675,0.22373299968809307,0.2179157582671257,0.006705171278032559,0.21214100746295506,0.22494389326874473,0.19537291633024492,0.007315252287263193,0.18745425953057088,0.20159201341230573,0.19911950851317764,0.006420896819444011,0.19155787761056808,0.20451512177326836,0.1709842671097687,0.007280355300737813,0.1635741982553568,0.17677612964311804
364 Isara (A893 FE),Excluded,Incomplete spectral data (33/161 missing channels = 20.5% > 20% threshold),S,SiMDA Substring Match,N/A,,,,,,,,,,4.29,2.18,,,Excluded,,,,,,,,,,,,,,,,,,,,,,,,,,,,,,,,,,,,,,,,,,,,,,,,,,,,,,,,,,,,,,,,,,,,,,,,,,,,
3749 Balam (1982 BG1),Excluded,Incomplete spectral data (33/161 missing channels = 20.5% > 20% threshold),S,SiMDA Substring Match,N/A,,,,,,,,,,2.83,3.64,,,Excluded,,,,,,,,,,,,,,,,,,,,,,,,,,,,,,,,,,,,,,,,,,,,,,,,,,,,,,,,,,,,,,,,,,,,,,,,,,,,
344 Desiderata (A892 WA),Excluded,Incomplete spectral data (33/161 missing channels = 20.5% > 20% threshold),C,SiMDA Substring Match,N/A,,,,,,,,,,1.22,0.43,,,Excluded,,,,,,,,,,,,,,,,,,,,,,,,,,,,,,,,,,,,,,,,,,,,,,,,,,,,,,,,,,,,,,,,,,,,,,,,,,,,
2368 Beltrovata (1977 RA),Excluded,Incomplete spectral data (33/161 missing channels = 20.5% > 20% threshold),SQ,NEOWISE Diameter-Porosity Model,N/A,,,,,,,,,,2.8,0.4,,,Excluded,,,,,,,,,,,,,,,,,,,,,,,,,,,,,,,,,,,,,,,,,,,,,,,,,,,,,,,,,,,,,,,,,,,,,,,,,,,,
334 Chicago (A892 QB),Excluded,Incomplete spectral data (34/161 missing channels = 21.1% > 20% threshold),C,SiMDA Substring Match,N/A,,,,,,,,,,2.06,2.31,,,Excluded,,,,,,,,,,,,,,,,,,,,,,,,,,,,,,,,,,,,,,,,,,,,,,,,,,,,,,,,,,,,,,,,,,,,,,,,,,,,
268 Adorea (A887 LA),Excluded,Incomplete spectral data (34/161 missing channels = 21.1% > 20% threshold),X,SiMDA Substring Match,N/A,,,,,,,,,,2.24,1.56,,,Excluded,,,,,,,,,,,,,,,,,,,,,,,,,,,,,,,,,,,,,,,,,,,,,,,,,,,,,,,,,,,,,,,,,,,,,,,,,,,,
1167 Dubiago (1930 PB),Excluded,Incomplete spectral data (34/161 missing channels = 21.1% > 20% threshold),D,NEOWISE Diameter-Porosity Model,N/A,,,,,,,,,,2.8,0.4,,,Excluded,,,,,,,,,,,,,,,,,,,,,,,,,,,,,,,,,,,,,,,,,,,,,,,,,,,,,,,,,,,,,,,,,,,,,,,,,,,,
162142 (1998 VR),Excluded,Incomplete spectral data (34/161 missing channels = 21.1% > 20% threshold),Sk,NEOWISE Diameter-Porosity Model,N/A,,,,,,,,,,2.8,0.4,,,Excluded,,,,,,,,,,,,,,,,,,,,,,,,,,,,,,,,,,,,,,,,,,,,,,,,,,,,,,,,,,,,,,,,,,,,,,,,,,,,
1583 Antilochus (1950 SA),Excluded,Incomplete spectral data (35/161 missing channels = 21.7% > 20% threshold),D,NEOWISE Diameter-Porosity Model,N/A,,,,,,,,,,2.8,0.4,,,Excluded,,,,,,,,,,,,,,,,,,,,,,,,,,,,,,,,,,,,,,,,,,,,,,,,,,,,,,,,,,,,,,,,,,,,,,,,,,,,
939 Isberga (A920 TD),Excluded,Incomplete spectral data (35/161 missing channels = 21.7% > 20% threshold),S,SiMDA Substring Match,N/A,,,,,,,,,,3.53,3.36,,,Excluded,,,,,,,,,,,,,,,,,,,,,,,,,,,,,,,,,,,,,,,,,,,,,,,,,,,,,,,,,,,,,,,,,,,,,,,,,,,,
4015 Wilson-Harrington (1979 VA),Excluded,Incomplete spectral data (36/161 missing channels = 22.4% > 20% threshold),CF,NEOWISE Diameter-Porosity Model,N/A,,,,,,,,,,2.8,0.4,,,Excluded,,,,,,,,,,,,,,,,,,,,,,,,,,,,,,,,,,,,,,,,,,,,,,,,,,,,,,,,,,,,,,,,,,,,,,,,,,,,
12923 Zephyr (1999 GK4),Excluded,Incomplete spectral data (36/161 missing channels = 22.4% > 20% threshold),S:,NEOWISE Diameter-Porosity Model,N/A,,,,,,,,,,2.8,0.4,,,Excluded,,,,,,,,,,,,,,,,,,,,,,,,,,,,,,,,,,,,,,,,,,,,,,,,,,,,,,,,,,,,,,,,,,,,,,,,,,,,
617 Patroclus (A906 UL),Excluded,Incomplete spectral data (37/161 missing channels = 23.0% > 20% threshold),X,SiMDA Substring Match,N/A,,,,,,,,,,0.88,0.17,,,Excluded,,,,,,,,,,,,,,,,,,,,,,,,,,,,,,,,,,,,,,,,,,,,,,,,,,,,,,,,,,,,,,,,,,,,,,,,,,,,
2311 El Leoncito (1974 TA1),Excluded,Incomplete spectral data (37/161 missing channels = 23.0% > 20% threshold),D,NEOWISE Diameter-Porosity Model,N/A,,,,,,,,,,2.8,0.4,,,Excluded,,,,,,,,,,,,,,,,,,,,,,,,,,,,,,,,,,,,,,,,,,,,,,,,,,,,,,,,,,,,,,,,,,,,,,,,,,,,
99942 Apophis (2004 MN4),Excluded,Incomplete spectral data (37/161 missing channels = 23.0% > 20% threshold),Sq,NEOWISE Diameter-Porosity Model,N/A,,,,,,,,,,2.8,0.4,,,Excluded,,,,,,,,,,,,,,,,,,,,,,,,,,,,,,,,,,,,,,,,,,,,,,,,,,,,,,,,,,,,,,,,,,,,,,,,,,,,
854 Frostia (A916 GO),Excluded,Incomplete spectral data (38/161 missing channels = 23.6% > 20% threshold),V,SiMDA Substring Match,N/A,,,,,,,,,,0.88,0.13,,,Excluded,,,,,,,,,,,,,,,,,,,,,,,,,,,,,,,,,,,,,,,,,,,,,,,,,,,,,,,,,,,,,,,,,,,,,,,,,,,,
1180 Rita (1931 GE),Excluded,Incomplete spectral data (38/161 missing channels = 23.6% > 20% threshold),P,NEOWISE Diameter-Porosity Model,N/A,,,,,,,,,,2.8,0.4,,,Excluded,,,,,,,,,,,,,,,,,,,,,,,,,,,,,,,,,,,,,,,,,,,,,,,,,,,,,,,,,,,,,,,,,,,,,,,,,,,,
96590 (1998 XB),Excluded,Incomplete spectral data (39/161 missing channels = 24.2% > 20% threshold),S:,NEOWISE Diameter-Porosity Model,N/A,,,,,,,,,,2.8,0.4,,,Excluded,,,,,,,,,,,,,,,,,,,,,,,,,,,,,,,,,,,,,,,,,,,,,,,,,,,,,,,,,,,,,,,,,,,,,,,,,,,,
12538 (1998 OH),Excluded,Incomplete spectral data (40/161 missing channels = 24.8% > 20% threshold),S:,NEOWISE Diameter-Porosity Model,N/A,,,,,,,,,,2.8,0.4,,,Excluded,,,,,,,,,,,,,,,,,,,,,,,,,,,,,,,,,,,,,,,,,,,,,,,,,,,,,,,,,,,,,,,,,,,,,,,,,,,,
762 Pulcova (A913 RD),Excluded,Incomplete spectral data (42/161 missing channels = 26.1% > 20% threshold),Cb,SiMDA Substring Match,N/A,,,,,,,,,,1.0,0.14,,,Excluded,,,,,,,,,,,,,,,,,,,,,,,,,,,,,,,,,,,,,,,,,,,,,,,,,,,,,,,,,,,,,,,,,,,,,,,,,,,,
887 Alinda (A918 AA),Excluded,Incomplete spectral data (42/161 missing channels = 26.1% > 20% threshold),S,NEOWISE Diameter-Porosity Model,N/A,,,,,,,,,,2.8,0.4,,,Excluded,,,,,,,,,,,,,,,,,,,,,,,,,,,,,,,,,,,,,,,,,,,,,,,,,,,,,,,,,,,,,,,,,,,,,,,,,,,,
2212 Hephaistos (1978 SB),Excluded,Incomplete spectral data (43/161 missing channels = 26.7% > 20% threshold),SG,NEOWISE Diameter-Porosity Model,N/A,,,,,,,,,,2.8,0.4,,,Excluded,,,,,,,,,,,,,,,,,,,,,,,,,,,,,,,,,,,,,,,,,,,,,,,,,,,,,,,,,,,,,,,,,,,,,,,,,,,,
